Product,Release Year,Ranking Gaming,Ranking Office,Ranking Editing,Ranking General,Size,Height (cm),Width (cm),Depth (cm),Depth With Wrist Rest (cm),Weight (kg),Keycap Material,Curved or Angled,Split Keyboard,Replaceable Cherry Stabilizers,Switch Stem Shape,Mechanical Switch Compatibility,Magnetic Switch Compatibility,Backlighting,RGB,Per-Key Backlighting,Effects,Connectivity,Detachable,Connector (Keyboard side),Bluetooth,Media Keys,Trackpad or Trackball,Scroll Wheel,Numpad,Windows Key Lock,Key Spacing (mm),Average Loudness (dBA),Pre-Travel (mm),Total Travel (mm),Detection Ratio (%),Switch Type,Switch Feel ,Software Configuration Profiles,Windows,macOS,Linux,Brand,Connector Length (m)
Logitech G515 RAPID TKL,2025,8.7,7.2,7.6,8.9,TenKeyLess (80%),2.1,35.5,14.6,,0.809,PBT,No,No,Yes,Low Profile Cherry MX Style,Soldered,Non-Standard Magnetic Switch,Yes,Yes,Yes,Yes,Wired,Yes (Wired Only Keyboard),USB type-C,No,Non-Dedicated,No,No,No,Yes,19,48.6,1.305425,2.452425,80.17177914110440,Magnetic,Linear,6,Fully Compatible,Fully Compatible,Fully Compatible,Logitech,1.8
SteelSeries Apex Pro Gen 3,2024,8.7,7.0,7.5,8.8,Full-size (100%),4.0,43.7,13.9,21.1,1.09759,PBT,No,No,Yes,Cherry MX Style,No Mechanical Switch Pinout,Non-Standard Magnetic Switch,Yes,Yes,Yes,Yes,Wired,Yes (Wired Only Keyboard),USB type-C,No,Non-Dedicated,No,Yes,Yes,Yes,19,49.57,2.502875,4.014425,78.29250545719120,Magnetic,Linear,6,Fully Compatible,Fully Compatible,Fully Compatible,SteelSeries,2.3
Keychron K8 Max [K2 Max  K10 Max  etc.],2024,8.5,8.0,8.0,8.8,TenKeyLess (80%),4.3,35.8,13.0,,1.311,PBT,No,No,Yes,Cherry MX Style,5-pin Cherry,,Yes,Yes,Yes,Yes,Wireless,Yes (Wired Mode and Charge),USB type-C,Yes,Non-Dedicated,No,No,No,No,19,52.9,1.709175,4.020525,,Mechanical,Linear,No Profile,Fully Compatible,Fully Compatible,Fully Compatible,Keychron,1.2
IQUNIX EZ80/EZ75,2025,9.0,7.3,7.8,9.1,TenKeyLess (80%),4.2,37.2,14.0,,1.63,PBT,No,No,Yes,Cherry MX Style,Non-Customizable Design,,Yes,Yes,Yes,Yes,Wired,Yes (Wired Only Keyboard),USB type-C,No,Non-Dedicated,No,No,No,Yes,19,51.18,1.092075,3.558975,92.30452109385740,Magnetic,Linear,3,Fully Compatible,Fully Compatible,Fully Compatible,IQUNIX,1.5
Razer Huntsman V3 Pro [Mini  TKL],2023,8.8,6.7,7.4,9,Full-size (100%),3.93,44.4,13.94,22.4,0.93,PBT,No,No,No,Cherry MX Style,Non-Cherry Pinout,No Magnetic Switch Support,Yes,Yes,Yes,Yes,Wired,Yes (Wired Only Keyboard),USB type-C,No,Dedicated,No,No,Yes,Yes,19.0,56.0,1.91455,4.4904,94.10029498525070,Optical,Linear,6,Fully Compatible,Fully Compatible,Fully Compatible,Razer,1.97
Lemokey P1 HE,2025,8.8,8.4,8.5,8.6,Compact (75%),3.5,32.4,12.9,,1.572,PBT,No,No,Yes,Cherry MX Style,No Mechanical Switch Pinout,Horizontal,Yes,Yes,Yes,Yes,Wireless,Yes (Wired Mode and Charge),USB type-C,Yes,Non-Dedicated,No,No,No,No,19,46.83888889,0.426825,3.883725,71.20221327967800,Magnetic,Linear,3,Fully Compatible,Fully Compatible,Fully Compatible,Lemokey,1.5
Sony INZONE KBD-H75,2025,9.0,7.1,7.5,9.3,Compact (75%),3.5,31.8,13.2,,0.804,PBT,No,No,Yes,Cherry MX Style,No Mechanical Switch Pinout,N-Pole Down,Yes,Yes,Yes,Yes,Wired,Yes (Wired Only Keyboard),USB type-C,No,Non-Dedicated,No,No,No,Yes,19,46.84,1.422775,3.403175,90.78208267319600,Magnetic,Linear,4,Fully Compatible,Fully Compatible,Fully Compatible,Sony,1.8
Logitech G915 LIGHTSPEED,2019,8.6,7.3,7.3,8.7,Full-size (100%),2.13,47.5,14.84,,1.02715,ABS,No,No,Yes,Kailh Low Profile Choc ,Soldered,No Magnetic Switch Support,Yes,Yes,Yes,Yes,Wireless,Yes (Wired Mode and Charge),Micro USB,Yes,Dedicated,No,Yes,Yes,Yes,19,46.5,1.620625,2.7225,-6.261510128913390,Mechanical,Tactile,6,Fully Compatible,Fully Compatible,Fully Compatible,Logitech,1.87
Corsair K65 RGB MINI,2021,9.0,7.0,7.7,9.1,Compact (60%),4.31,29.32,10.32,,0.568,PBT,No,No,Yes,Cherry MX Style,Soldered,No Magnetic Switch Support,Yes,Yes,Yes,Yes,Wired,Yes (Wired Only Keyboard),USB type-C,No,Non-Dedicated,No,No,No,Yes,19,56.1,1.47375,3.44,-2.373887240356060,Mechanical,Linear,6,Fully Compatible,Fully Compatible,Fully Compatible,Corsair,1.82
Wooting two HE,2022,8.8,6.8,7.5,8.9,Full-size (100%),4.0,44.6,15.01,,1.0043,PBT,No,No,Yes,Cherry MX Style,No Mechanical Switch Pinout,N-Pole Down,Yes,Yes,Yes,Yes,Wired,Yes (Wired Only Keyboard),USB type-C,No,Non-Dedicated,No,No,Yes,Yes,19,58.89,1.191875,4.2225,84.83754512635370,Magnetic,Linear,6,Fully Compatible,Fully Compatible,Fully Compatible,Wooting,1.97
Corsair K100 AIR,2022,8.9,8.2,8.3,9.2,Full-size (100%),1.6,43.6,15.5,,0.75,ABS,No,No,No,Non-Customizable Design,No Mechanical Switch Pinout,No Magnetic Switch Support,Yes,Yes,Yes,Yes,Wireless,Yes (Wired Mode and Charge),USB type-C,Yes,Dedicated,No,Yes,Yes,Yes,19,47.8,1.015,1.95,1.542416452442140,Mechanical,Tactile,6,Fully Compatible,Fully Compatible,Fully Compatible,Corsair,1.8
Wooting 60HE,2022,8.8,7.0,7.5,9,Compact (60%),3.78,30.2,11.57,,0.653,PBT,No,No,Yes,Cherry MX Style,No Mechanical Switch Pinout,N-Pole Down,Yes,Yes,Yes,Yes,Wired,Yes (Wired Only Keyboard),USB type-C,No,Non-Dedicated,No,No,No,Yes,19,50.6,1.0859375,4.145,90.15795868772780,Magnetic,Linear,6,Fully Compatible,Fully Compatible,Fully Compatible,Wooting,1.97
SteelSeries Apex Pro TKL (2023),2022,8.6,6.9,7.5,8.7,TenKeyLess (80%),4.21,35.4,12.84,21.1,0.737,PBT,No,No,Yes,Cherry MX Style,Soldered,Non-Standard Magnetic Switch,Yes,Yes,Yes,Yes,Wired,Yes (Wired Only Keyboard),USB type-C,No,Non-Dedicated,No,Yes,No,Yes,19,55.2,2.1321875,4.155,80.36601624045550,Magnetic,Linear,6,Fully Compatible,Fully Compatible,Fully Compatible,SteelSeries,2.27
DrunkDeer A75,2023,8.6,6.7,7.2,8.8,Compact (75%),4.5,33.2,14.1,,0.727,ABS,No,No,Yes,Cherry MX Style,No Mechanical Switch Pinout,Non-Standard Magnetic Switch,Yes,Yes,Yes,Yes,Wired,Yes (Wired Only Keyboard),USB type-C,No,Non-Dedicated,No,No,No,Yes,19,52.1,1.67875,3.99,75.7529351710056,Magnetic,Linear,6,Fully Compatible,Fully Compatible,Fully Compatible,DrunkDeer,1.51
Corsair K70 MAX,2023,8.8,6.8,7.4,9.1,Full-size (100%),3.92,44.3,16.5,23.8,1.442,PBT,No,No,Yes,Cherry MX Style,No Mechanical Switch Pinout,N-Pole Down,Yes,Yes,Yes,Yes,Wired,Yes (Wired Only Keyboard),USB type-C,No,Dedicated,No,Yes,Yes,Yes,19.0,51.2,2.0532,4.063775,83.94301581552580,Magnetic,Linear,6,Fully Compatible,Fully Compatible,Fully Compatible,Corsair,1.86
Logitech Wave Keys,2023,6.0,7.6,7.2,6.6,Full-size (100%),3.0,37.6,21.9,21.9,0.699,ABS,Yes,No,No,Non-Customizable Design,No Mechanical Switch Pinout,No Magnetic Switch Support,No,No,No,No,Wireless,No,No Cable,Yes,Non-Dedicated,No,No,Yes,Yes,18.5,38.9,1.870375,2.143375,0.19646365422397600,Rubber Dome,Tactile,6,Fully Compatible,Fully Compatible,Fully Compatible,Logitech,
Keychron Q1 HE [Q5 HE  Q6 HE  etc.],2023,8.4,8.2,8.0,8.6,Compact (75%),4.58,32.7,14.5,,1.74,PBT,No,No,Yes,Cherry MX Style,No Mechanical Switch Pinout,Horizontal,Yes,Yes,Yes,Yes,Wireless,Yes (Wired Mode and Charge),USB type-C,Yes,Non-Dedicated,No,No,No,No,19,42.6,2.181425,3.906475,88.72180451127810,Magnetic,Linear,3,Fully Compatible,Fully Compatible,Fully Compatible,Keychron,1.78
Wooting 80HE,2024,9.2,7.1,7.6,9.5,TenKeyLess (80%),3.47,34.6,14.3,,1.92655,PBT,No,No,Yes,Cherry MX Style,No Mechanical Switch Pinout,N-Pole Down,Yes,Yes,Yes,Yes,Wired,Yes (Wired Only Keyboard),USB type-C,No,Non-Dedicated,No,No,No,Yes,19,44.84117647,0.270175,3.977125,89.242053789731,Magnetic,Linear,4,Fully Compatible,Fully Compatible,Fully Compatible,Wooting,2.0
NuPhy Field75 HE,2024,8.9,7.3,7.7,9.5,Compact (75%),3.95,37.1,14.3,,1.08,PBT,No,No,Yes,Cherry MX Style,No Mechanical Switch Pinout,N-Pole Down,Yes,Yes,Yes,Yes,Wired,Yes (Wired Only Keyboard),USB type-C,No,Non-Dedicated,No,Yes,No,Yes,19,57.01,0.213625,3.37375,89.50052497375130,Magnetic,Linear,6,Fully Compatible,Fully Compatible,Fully Compatible,NuPhy,1.5
GLORIOUS GMMK 3 PRO HE,2024,8.6,7.0,7.4,8.9,Compact (75%),4.26,33.2,14.95,,1.81,PBT,No,No,Yes,Cherry MX Style,5-Pin Cherry,S-Pole Down,Yes,Yes,Yes,Yes,Wireless,Yes (Wired Mode and Charge),USB type-C,Yes,Non-Dedicated,No,No,No,Yes,19,50.838,0.486675,4.1613,85.39881742488220,Magnetic,Linear,6,Fully Compatible,Fully Compatible,Fully Compatible,GLORIOUS,1.8
Logitech G PRO X TKL RAPID,2024,8.5,6.6,7.2,8.6,TenKeyLess (80%),3.74,35.7,15.0,,0.91,PBT,No,No,Yes,Cherry MX Style,No Mechanical Switch Pinout,Non-Standard Magnetic Switch,Yes,Yes,Yes,Yes,Wired,Yes (Wired Only Keyboard),USB type-C,No,Dedicated,No,Yes,No,Yes,19,53.27,0.3706,4.000125,84.2655193607867,Magnetic,Linear,6,Fully Compatible,Fully Compatible,Fully Compatible,Logitech,1.8
Keychron K2 HE [K4 HE  K8 HE  etc.],2024,8.5,8.1,8.1,8.5,Compact (75%),4.03,31.7,12.7,,0.952,PBT,No,No,Yes,Cherry MX Style,No Mechanical Switch Pinout,Horizontal,Yes,Yes,Yes,Yes,Wireless,Yes (Wired Mode and Charge),USB type-C,Yes,Non-Dedicated,No,No,No,Yes,19,43.3,0.51735,3.8687,83.22663252240700,Magnetic,Linear,3,Fully Compatible,Fully Compatible,Fully Compatible,Keychron,1.8
NuPhy Air60 HE,2024,8.9,7.3,7.5,9.3,Compact (60%),2.3,29.7,10.6,,0.537,PBT,No,No,Yes,Low Profile Cherry MX Style,No Mechanical Switch Pinout,N-Pole Down,Yes,Yes,Yes,Yes,Wired,Yes (Wired Only Keyboard),USB type-C,No,Non-Dedicated,No,No,No,Yes,19,42.91578947,0.384025,3.386025,86.31931305486820,Magnetic,Linear,3,Fully Compatible,Fully Compatible,Fully Compatible,NuPhy,1.5
Corsair K70 PRO TKL,2024,8.6,6.7,7.2,8.9,TenKeyLess (80%),2.9,36.5,13.3,21.2,0.972,ABS,No,No,Yes,Cherry MX Style,No Mechanical Switch Pinout,N-Pole Down,Yes,Yes,Yes,Yes,Wired,Yes (Wired Only Keyboard),USB type-C,No,Non-Dedicated,No,No,No,Yes,19,47.28333333,0.319775,3.911625,87.6262626262626,Magnetic,Linear,6,Fully Compatible,Fully Compatible,Fully Compatible,Corsair,1.8
Ducky One X,2025,8.5,8.0,7.9,8.7,Full-size (100%),4.07,44.6,14.5,,1.673,PBT,No,No,Yes,Cherry MX Style,No Mechanical Switch Pinout,No Magnetic Switch Support,Yes,Yes,Yes,Yes,Wireless,Yes (Wired Mode and Charge),USB type-C,Yes,Dedicated,No,No,Yes,Yes,19,47.31052632,0.216975,3.57995,86.54400659069060,Inductive,Linear,No Profile,Fully Compatible,Fully Compatible,Fully Compatible,Ducky,1.8
NuPhy Halo65 HE,2024,8.8,7.2,7.5,9.2,Compact (65%),4.3,31.8,11.5,,0.773,PBT,No,No,Yes,Cherry MX Style,No Mechanical Switch Pinout,N-Pole Down,Yes,Yes,Yes,Yes,Wired,Yes (Wired Only Keyboard),USB type-C,No,Non-Dedicated,No,No,No,Yes,19,53.2,0.29455,3.370275,89.1243725599553,Magnetic,Linear,6,Fully Compatible,Fully Compatible,Fully Compatible,NuPhy,1.5
NuPhy Air75 HE,2024,9.0,7.5,7.6,9.5,Compact (75%),2.3,31.6,13.2,,0.751,PBT,No,No,Yes,Low Profile Cherry MX Style,No Mechanical Switch Pinout,N-Pole Down,Yes,Yes,Yes,Yes,Wired,Yes (Wired Only Keyboard),USB type-C,No,Non-Dedicated,No,No,No,Yes,19,47.6,0.392775,3.2677,84.11497730711030,Magnetic,Linear,6,Fully Compatible,Fully Compatible,Fully Compatible,NuPhy,1.5
Lofree Flow84/Flow100,2023,7.8,8.0,7.9,8.5,Compact (75%),2.6,31.5,12.5,,0.606,PBT,No,No,Yes,Low Profile Cherry MX Style,Non-Cherry Pinout,No Magnetic Switch Support,Yes,No,No,No,Wireless,Yes (Wired Mode and Charge),USB type-C,Yes,Non-Dedicated,No,No,No,Yes,19,49.4,1.438625,2.833675,,Mechanical,Linear,No Profile,Fully Compatible,Fully Compatible,Fully Compatible,Lofree,1.4
Aesco A67/A83,2024,8.5,7.2,7.4,8.9,Compact (65%),4.4,31.5,11.5,,0.898,PBT,No,No,Yes,Cherry MX Style,No Mechanical Switch Pinout,No Magnetic Switch Support,Yes,Yes,Yes,Yes,Wireless,Yes (Wired Mode and Charge),USB type-C,No,No Media Keys,No,No,No,Yes,19,55,1.386375,3.554,94.8838495575221,Inductive,Linear,4,Fully Compatible,Fully Compatible,Fully Compatible,Aesco,1.6
Akko MOD007-HE PC,2023,7.8,6.7,7.0,7.6,Compact (75%),4.2,33.3,14.8,,1.141,PBT,No,No,Yes,Cherry MX Style,3-Pin Cherry,S-Pole Down,Yes,Yes,Yes,Yes,Wired,Yes (Wired Only Keyboard),USB type-C,No,Non-Dedicated,No,No,No,Yes,19,52.6,1.796625,3.987775,73.09582309582300,Magnetic,Linear,6,Fully Compatible,Fully Compatible,Fully Compatible,Akko,1.5
Geonworks Venom 60 HE,2025,7.7,6.9,7.2,9.4,Compact (60%),4.3,29.5,11.0,,1.184,PBT,No,No,Yes,Cherry MX Style,No Mechanical Switch Pinout,N-Pole Down,No,No,No,No,Wired,Yes (Wired Only Keyboard),USB type-C,No,Non-Dedicated,No,No,No,Yes,19,58.5,2.19355,3.52935,90.55140318713850,Magnetic,Linear,4,Fully Compatible,Fully Compatible,Fully Compatible,Geonworks,
MCHOSE Ace 60 Pro,2025,9.0,6.8,7.4,9.4,Compact (60%),3.5,28.9,10.0,,0.659,PBT,No,No,Yes,Cherry MX Style,No Mechanical Switch Pinout,N-Pole Down,Yes,Yes,Yes,Yes,Wired,Yes (Wired Only Keyboard),USB type-C,No,Non-Dedicated,No,No,No,Yes,19,56.4,1.58235,3.39115,85.9704946485391,Magnetic,Linear,6,Fully Compatible,Fully Compatible,Fully Compatible,MCHOSE,1.8
MonsGeek FUN60 Ultra,2025,9.0,7.8,8.0,9.3,Compact (60%),4.1,30.1,10.5,,1.023,PBT,No,No,Yes,Cherry MX Style,5-Pin Cherry,N-Pole Down,Yes,Yes,Yes,Yes,Wireless,Yes (Wired Mode and Charge),USB type-C,Yes,Non-Dedicated,No,No,No,Yes,19,50.6,1.966725,3.54055,88.5314685314685,Magnetic,Linear,6,Fully Compatible,Fully Compatible,Fully Compatible,MonsGeek,1.6
NuPhyX BH65,2025,8.8,6.8,7.3,9.3,Compact (65%),3.9,32.1,11.4,,1.102,PBT,No,No,Yes,Cherry MX Style,No Mechanical Switch Pinout,N-Pole Down,Yes,Yes,Yes,Yes,Wired,Yes (Wired Only Keyboard),USB type-C,No,Non-Dedicated,No,No,No,Yes,19,57.52352941,0.89385,3.39285,88.18897637795270,Magnetic,Linear,6,Fully Compatible,Fully Compatible,Fully Compatible,NuPhyX,1.5
ASUS ROG Azoth Extreme,2024,8.8,8.4,8.4,8.8,Compact (75%),3.9,32.6,13.6,23.5,1.504,PBT,No,No,Yes,Cherry MX Style,5-Pin Cherry,No Magnetic Switch Support,Yes,Yes,Yes,Yes,Wireless,Yes (Wired Mode and Charge),USB type-C,Yes,Non-Dedicated,No,No,No,Yes,19,48.77368421,1.832475,3.534825,,Mechanical,Linear,6,Fully Compatible,Fully Compatible,Fully Compatible,ASUS,2.0
Razer Joro,2025,7.9,7.7,7.7,8,Compact (75%),1.6,29.8,11.3,,0.379,ABS,No,No,No,Non-Customizable Design,Soldered,No Magnetic Switch Support,Yes,Yes,No,Yes,Wireless,Yes (Wired Mode and Charge),USB type-C,Yes,Non-Dedicated,No,No,No,Yes,19,41,1.1618,1.566975,,Scissor,Tactile,6,Fully Compatible,Fully Compatible,Fully Compatible,Razer,0.91
Logitech Flip Folio,2025,5.2,6.7,6.6,5.4,Compact (75%),0.74,25.5,10.5,,0.179,ABS,No,No,No,Non-Customizable Design,Soldered,No Magnetic Switch Support,No,No,No,No,Wireless,,No Cable,Yes,Dedicated,No,No,No,No,18,39.26470588,0.708825,0.9668,,Scissor,Tactile,No Profile,Fully Compatible,Fully Compatible,Fully Compatible,Logitech,
NuPhy Halo96/Halo75 V2,2024,8.3,8.0,8.0,8.4,Compact (96%),4.3,37.7,13.5,,1.19,PBT,No,No,Yes,Cherry MX Style,5-pin Cherry,,Yes,Yes,Yes,Yes,Wireless,Yes (Wired Mode and Charge),USB type-C,Yes,Non-Dedicated,No,No,Yes,No,19,51.92,1.816285714,3.574942857,,Mechanical,Linear,6,Fully Compatible,Fully Compatible,Fully Compatible,NuPhy,1.5
Logitech Combo Touch,2020,2.6,5.8,5.2,0,Compact (75%),0.6,25.1,19.5,,0.564,ABS,No,No,No,Non-Customizable Design,Non-Customizable Design,,Yes,No,No,No,Wired,Yes (Wired Only Keyboard),Apple Smart Connector,No,Dedicated,Yes,No,No,No,18,34.13,0.787125,0.804025,,Scissor,Tactile,No Profile,Not Compatible,Not Compatible,Not Compatible,Logitech,
ZAGG Pro Keys 2,2024,6.7,7.0,7.0,6.8,Compact (75%),0.8,25.3,20.1,,0.99705,ABS,No,No,No,Non-Customizable Design,Non-Customizable Design,,Yes,No,No,No,Wireless,Yes (Charge Only),USB type-C,Yes,Dedicated,No,No,No,No,15.5,44.28,1.052475,1.1418,,Scissor,Tactile,No Profile,Fully Compatible,Fully Compatible,Fully Compatible,ZAGG,0.5
Logitech Keys-To-Go 2,2024,5.4,7.2,7.1,5.5,Compact (75%),0.8,25.0,11.07,,0.22089,ABS,No,No,No,Non-Customizable Design,Non-Customizable Design,,No,No,No,No,Wireless,No,No Cable,Yes,Non-Dedicated,No,No,No,No,17.5,38.48,0.785575,1.0696,,Scissor,Tactile,6,Fully Compatible,Fully Compatible,Fully Compatible,Logitech,
Keychron V5 Max [V1 Max  V2 Max  etc.],2023,8.4,8.1,7.9,8.6,Compact (96%),4.1,39.0,14.9,,0.918,PBT,No,No,Yes,Cherry MX Style,5-pin Cherry,,Yes,Yes,Yes,Yes,Wireless,Yes (Wired Mode and Charge),USB type-C,Yes,Non-Dedicated,No,No,Yes,Yes,19,45.6,2.511325,3.886375,,Mechanical,Linear,6,Fully Compatible,Fully Compatible,Fully Compatible,Keychron,1.8
Logitech MX Keys Mini,2021,8.1,7.8,7.7,,Compact (75%),2.0,29.6,13.2,,0.50406,ABS,Straight,,,,,,Yes,,Yes,No,Wireless,Yes (Charge Only),USB type-C,Yes,Hot Keys,No,No,No,No,,,1.2790625,1.96,,,Tactile,6,Full,Partial,Partial,Logitech,1.4
NuPhy Field75,2023,8.5,8.3,8.2,8.7,Compact (75%),4.03,37.2,14.2,22.2,1.306,PBT,No,No,Yes,Cherry MX Style,5-pin Cherry,,Yes,Yes,Yes,Yes,Wireless,Yes (Wired Mode and Charge),USB type-C,Yes,Non-Dedicated,No,Yes,No,Yes,19,47.9,1.581875,3.3325,,Mechanical,Linear,6,Fully Compatible,Fully Compatible,Fully Compatible,NuPhy,1.5
NuPhy Air75 V3,2025,8.3,8.1,8.0,8.4,Compact (75%),2.8,31.8,12.7,,0.723,PBT,No,No,Yes,Low Profile Cherry MX Style,Non-Cherry Pinout,,Yes,Yes,Yes,Yes,Wireless,Yes (Wired Mode and Charge),USB type-C,Yes,Non-Dedicated,No,No,No,Yes,19,41.27058824,1.582875,2.98625,,Mechanical,Linear,6,Fully Compatible,Fully Compatible,Fully Compatible,NuPhy,1.5
SteelSeries Apex Pro,2019,8.6,7.0,7.5,8.7,Full-size (100%),4.03,43.67,13.92,21.1,0.97,ABS,No,No,Yes,Cherry MX Style,Soldered,,Yes,Yes,Yes,Yes,Wired,No,Not Detachable,No,Non-Dedicated,No,Yes,Yes,Yes,19,53.7,2.233125,4.1625,79.36003908158260,Magnetic,Linear,6,Fully Compatible,Fully Compatible,Fully Compatible,SteelSeries,1.8
Razer Huntsman V2 Analog,2021,8.7,7.2,7.8,8.8,Full-size (100%),4.355,44.4,14.03,23.05,1.198,PBT,No,No,No,Cherry MX Style,Non-Customizable Design,,Yes,Yes,Yes,Yes,Wired,No,Not Detachable,No,Dedicated,No,No,Yes,Yes,19.00,56.3,1.015,4.0325,48.133848133847900,Optical,Linear,6,Fully Compatible,Fully Compatible,Fully Compatible,Razer,2.04
Razer Huntsman Mini Analog,2022,8.6,7.0,7.6,8.6,Compact (60%),3.7,29.3,10.3,,0.516,PBT,No,No,No,Cherry MX Style,Soldered,,Yes,Yes,Yes,Yes,Wired,Yes (Wired Only Keyboard),USB type-C,No,Non-Dedicated,No,No,No,Yes,19,54.3,1.667625,3.884,57.4842767295596,Optical,Linear,6,Fully Compatible,Fully Compatible,Fully Compatible,Razer,1.9
SteelSeries Apex Pro Mini Wireless,2022,8.6,7.8,8.1,8.6,Compact (60%),4.03,29.3,10.22,,0.544,PBT,No,No,Yes,Cherry MX Style,Soldered,,Yes,Yes,Yes,Yes,Wireless,Yes (Wired Mode and Charge),USB type-C,Yes,Non-Dedicated,No,No,No,Yes,19,55.3,2.2325,4.195,81.26888217522640,Magnetic,Linear,6,Fully Compatible,Fully Compatible,Fully Compatible,SteelSeries,2.23
Corsair K65 PRO MINI,2023,8.9,6.8,7.3,9.4,Compact (65%),3.7,31.5,10.6,,0.661,PBT,No,No,Yes,Cherry MX Style,Non-Cherry Pinout,,Yes,Yes,Yes,Yes,Wired,Yes (Wired Only Keyboard),USB type-C,No,Non-Dedicated,No,No,No,Yes,19,49.4,0.949375,3.0675,0.32467532467533300,Optical,Linear,6,Fully Compatible,Fully Compatible,Fully Compatible,Corsair,1.87
REALFORCE GX1,2023,8.0,7.3,7.2,8,TenKeyLess (80%),3.7,36.2,14.2,,1.192,ABS,No,No,Yes,Cherry MX Style,Non-Customizable Design,,Yes,Yes,Yes,Yes,Wired,No,Not Detachable,No,Non-Dedicated,No,No,No,No,19,41.95,2.199375,3.8158,69.35828205450190,Electro-Capacitive,Tactile,6,Fully Compatible,Partially Compatible,Partially Compatible,REALFORCE,1.84
IQUNIX EZ60/EZ63,2024,8.7,7.0,7.4,9,Compact (60%),4.17,30.3,12.8,,1.062,PBT,No,No,Yes,Cherry MX Style,Non-Customizable Design,,Yes,Yes,Yes,Yes,Wired,Yes (Wired Only Keyboard),USB type-C,No,Non-Dedicated,No,No,No,Yes,19,52.5,0.252525,3.879825,77.3271192845445,Magnetic,Linear,No Profile,Fully Compatible,Fully Compatible,Fully Compatible,IQUNIX,1.3
NuPhy Air75 V2 [Air60 V2  Air96 V2],2023,8.3,7.7,7.8,8.3,Compact (75%),2.2,31.6,13.2,,0.645,PBT,No,No,Yes,Low Profile Cherry MX Style,Non-Cherry Pinout,,Yes,Yes,Yes,Yes,Wireless,Yes (Wired Mode and Charge),USB type-C,Yes,Non-Dedicated,No,No,No,No,19,50.16296296,1.8325,2.96,,Mechanical,Tactile,6,Fully Compatible,Fully Compatible,Fully Compatible,NuPhy,1.57
Keychron B1/B6 Pro,2024,5.8,8.0,7.5,6.4,Full-size (100%),1.5,42.8,12.6,,0.64646,ABS,No,No,No,Non-Customizable Design,Non-Customizable Design,,No,No,No,No,Wireless,Yes (Wired Mode and Charge),USB type-C,Yes,Non-Dedicated,No,No,Yes,Yes,19,39.0809,1.352975,1.70875,,Scissor,Tactile,No Profile,Fully Compatible,Fully Compatible,Fully Compatible,Keychron,1.5
Apple Magic Keyboard with Touch ID and Numeric Keypad,2021,5.2,7.7,6.8,4.9,Full-size (100%),1.08,41.8,11.48,,0.364,ABS,No,No,No,Non-Customizable Design,Non-Customizable Design,,No,No,No,No,Wireless,Yes (Wired Mode and Charge),Lightning,Yes,Non-Dedicated,No,No,Yes,No,19,37.8,0.8634375,1.265,,Scissor,Tactile,No Profile,Partially Compatible,Fully Compatible,Fully Compatible,Apple,1.04
ASUS ROG Azoth,2023,8.7,8.2,8.3,8.7,Compact (75%),3.94,32.6,13.62,,1.152,PBT,No,No,Yes,Cherry MX Style,5-pin Cherry,,Yes,Yes,Yes,Yes,Wireless,Yes (Wired Mode and Charge),USB type-C,Yes,Non-Dedicated,No,No,No,Yes,19,46.0,1.6240625,4.0575,,Mechanical,Linear,6,Fully Compatible,Fully Compatible,Fully Compatible,ASUS,2.0
Razer BlackWidow V4 Pro,2023,8.6,6.4,7.4,8.9,Full-size (100%),4.37,46.7,15.3,22.5,1.193,ABS,No,No,Yes,Cherry MX Style,Soldered,,Yes,Yes,Yes,Yes,Wired,Yes (Wired Only Keyboard),USB type-C,No,Dedicated,No,Yes,Yes,Yes,19,62.2,1.7990625,3.9625,,Mechanical,Clicky,6,Fully Compatible,Fully Compatible,Fully Compatible,Razer,1.97
Corsair K70 RGB TKL,2021,8.9,6.9,7.6,9.1,TenKeyLess (80%),3.14,36.4,16.5,,0.887,PBT,No,No,Yes,Cherry MX Style,Soldered,,Yes,Yes,Yes,Yes,Wired,Yes (Wired Only Keyboard),USB type-C,No,Dedicated,No,Yes,No,Yes,19,53.4,1.1921875,3.425,,Mechanical,Linear,6,Fully Compatible,Fully Compatible,Fully Compatible,Corsair,1.8
AULA F99/F75,2023,8.0,7.8,7.7,8.3,Compact (96%),4.08,39.0,14.64,,1.148,PBT,No,No,Yes,Cherry MX Style,5-pin Cherry,,Yes,Yes,Yes,Yes,Wireless,Yes (Wired Mode and Charge),USB type-C,Yes,Non-Dedicated,No,No,Yes,No,19,58.3,1.952025,3.49665,,Mechanical,Linear,6,Fully Compatible,Fully Compatible,Fully Compatible,AULA,1.6
Logitech MX Keys S,2023,7.1,8.1,8.1,6.4,Full-size (100%),2.04,43.0,13.15,,0.804,ABS,No,No,No,Non-Customizable Design,Non-Customizable Design,,Yes,No,Yes,No,Wireless,Yes (Charge Only),USB type-C,Yes,Non-Dedicated,No,No,Yes,Yes,19,36.2,1.3559375,2.09,,Scissor,Tactile,6,Fully Compatible,Fully Compatible,Fully Compatible,Logitech,1.05
NuPhy Kick75,2025,8.2,8.1,7.8,8.4,TenKeyLess (75%),4.7,32.8,13.9,,0.98,PBT,No,No,Yes,Cherry MX Style,5-pin Cherry,,Yes,Yes,Yes,Yes,Wireless,Yes (Wired Mode and Charge),USB type-C,Yes,Non-Dedicated,No,No,No,Yes,19,39.9,1.940625,3.42215,,Mechanical,Linear,6,Fully Compatible,Fully Compatible,Fully Compatible,NuPhy,1.5
8BitDo Retro Mechanical Keyboard,2023,7.0,6.8,6.8,8.5,TenKeyLess (80%),4.58,37.6,16.96,,1.039,PBT,No,No,Yes,Cherry MX Style,5-pin Cherry,,No,No,No,No,Wireless,Yes (Wired Mode and Charge),USB type-C,Yes,Non-Dedicated,No,No,No,Yes,19,54.6,1.855125,3.580325,,Mechanical,Clicky,6,Fully Compatible,Fully Compatible,Fully Compatible,8BitDo,1.83
Razer BlackWidow V4 75%,2023,9.0,7.1,7.6,9.3,Compact (75%),3.93,32.1,15.6,23.0,0.901,ABS,No,No,Yes,Cherry MX Style,5-pin Cherry,,Yes,Yes,Yes,Yes,Wired,Yes (Wired Only Keyboard),USB type-C,No,Dedicated,No,Yes,No,Yes,19,50.5,2.0915625,3.6575,,Mechanical,Tactile,6,Fully Compatible,Fully Compatible,Fully Compatible,Razer,1.97
Logitech G PRO X 60,2024,8.5,6.9,7.0,8.8,Compact (60%),4.5,29.1,10.2,,0.618,PBT,No,No,Yes,Cherry MX Style,Non-Customizable Design,,Yes,Yes,Yes,Yes,Wireless,Yes (Wired Mode and Charge),USB type-C,Yes,Non-Dedicated,No,Yes,No,Yes,19,54.11,1.912275,3.677925,,Optical,Tactile,6,Fully Compatible,Fully Compatible,Fully Compatible,Logitech,1.8
Keychron K5 Max [K1 Max  K3 Max  etc.],2023,8.4,8.2,8.1,8.5,Full-size (100%),2.4,42.0,12.0,,0.727,PBT,No,No,No,Low Profile Cherry MX Style,Soldered,,Yes,Yes,Yes,Yes,Wireless,Yes (Wired Mode and Charge),USB type-C,Yes,Non-Dedicated,No,No,Yes,No,19,41.2913,1.839875,2.91275,,Mechanical,Linear,6,Fully Compatible,Fully Compatible,Fully Compatible,Keychron,1.2
MoErgo Glove80,2023,7.9,8.2,7.9,8,TenKeyLess (80%),5.63,37.2,16.0,20.66,0.449,POM,Yes,Yes,No,Kailh Low Profile Choc ,Soldered,,Yes,Yes,Yes,Yes,Wireless,Yes (Wired Mode and Charge),USB type-C,Yes,Non-Dedicated,No,No,No,No,19,46.5,1.605,2.93,,Mechanical,Linear,No Profile,Fully Compatible,Fully Compatible,Fully Compatible,MoErgo,0.98
ZSA Moonlander,2020,8.5,7.5,8.0,8.3,TenKeyLess (80%),2.86,33.9,16.6,24.6,0.8,PBT,Yes,Yes,No,Cherry MX Style,5-pin Cherry,,Yes,Yes,Yes,Yes,Wired,Yes (Wired Only Keyboard),USB type-C,No,Non-Dedicated,No,No,No,No,19,50.8,1.88375,4.0575,,Mechanical,Tactile,No Profile,Fully Compatible,Fully Compatible,Fully Compatible,ZSA,2.3
ErgoDox EZ,2020,7.5,7.4,7.5,8.9,TenKeyLess (80%),3.17,45.14,17.05,24.0,0.9,PBT,Yes,Yes,No,Cherry MX Style,5-pin Cherry,,No,No,No,No,Wired,Yes (Wired Only Keyboard),Mini USB,No,Non-Dedicated,No,No,No,No,19,55.5,2.1228125,4.085,,Mechanical,Tactile,No Profile,Fully Compatible,Fully Compatible,Fully Compatible,ErgoDox,2.24
Dygma Raise 2,2024,8.7,8.5,8.5,8.5,Compact (60%),3.6,32.0,20.5,20.5,1.05,PBT,Yes,Yes,Yes,Cherry MX Style,5-pin Cherry,,Yes,Yes,Yes,Yes,Wireless,Yes (Wired Mode and Charge),USB type-C,Yes,Non-Dedicated,No,No,No,No,19,46.8,1.933,3.781975,,Mechanical,Linear,6,Fully Compatible,Fully Compatible,Fully Compatible,Dygma,1.8
Keychron K8 Pro [K2 Pro  K3 Pro  K4 Pro  etc.],2022,8.2,7.4,7.8,8.3,TenKeyLess (80%),4.3,35.8,13.0,,1.336,PBT,No,No,Yes,Cherry MX Style,5-pin Cherry,,Yes,Yes,Yes,Yes,Wireless,Yes (Wired Mode and Charge),USB type-C,Yes,Non-Dedicated,No,No,No,No,19,55.9,2.29625,4.48,,Mechanical,Clicky,6,Fully Compatible,Fully Compatible,Fully Compatible,Keychron,1.2
Ducky One 3,2021,8.3,7.3,7.5,8.6,Full-size (100%),3.83,45.5,13.84,,1.296,PBT,No,No,Yes,Cherry MX Style,5-pin Cherry,,Yes,Yes,Yes,Yes,Wired,Yes (Wired Only Keyboard),USB type-C,No,Non-Dedicated,No,No,Yes,Yes,19,53.4,2.133,4.0875,,Mechanical,Tactile,6,Fully Compatible,Fully Compatible,Fully Compatible,Ducky,1.76
Apple Magic Keyboard for iPad Pro (M4),2024,3.3,6.4,5.9,0,Compact (75%),0.47,25.1,18.7,,0.574,ABS,No,No,No,Non-Customizable Design,Non-Customizable Design,,Yes,No,Yes,No,Wired,Yes (Wired Only Keyboard),Apple Smart Connector,No,Dedicated,Yes,No,No,No,18,41.2,0.758325,0.749975,,Scissor,Tactile,No Profile,Not Compatible,Not Compatible,Not Compatible,Apple,
Apple Magic Keyboard for iPad 2021,2021,3.1,6.4,5.8,0,Compact (65%),0.54,24.9,19.5,,0.6,ABS,No,No,No,Non-Customizable Design,Non-Customizable Design,,Yes,No,Yes,No,Wired,Yes (Wired Only Keyboard),Apple Smart Connector,No,No Media Keys,Yes,No,No,No,18,33.3,0.75,0.7476,,Scissor,Tactile,No Profile,Not Compatible,Not Compatible,Not Compatible,Apple,
ASUS ROG Strix Scope II 96 Wireless,2023,8.6,7.9,8.0,8.7,Compact (96%),3.84,37.7,13.1,21.2,1.033,PBT,No,No,Yes,Cherry MX Style,5-pin Cherry,,Yes,Yes,Yes,Yes,Wireless,Yes (Wired Mode and Charge),USB type-C,Yes,Non-Dedicated,No,Yes,Yes,Yes,19,49.01,1.78125,4.005,,Mechanical,Linear,6,Fully Compatible,Fully Compatible,Fully Compatible,ASUS,1.886
Logitech G PRO X TKL,2023,8.3,7.2,7.1,8.4,TenKeyLess (80%),3.86,35.6,15.0,,0.94777,PBT,No,No,Yes,Cherry MX Style,Soldered,,Yes,Yes,Yes,Yes,Wireless,Yes (Wired Mode and Charge),USB type-C,Yes,Dedicated,No,Yes,No,Yes,19,52.8,1.8865625,3.9575,,Mechanical,Tactile,6,Fully Compatible,Fully Compatible,Fully Compatible,Logitech,1.865
SteelSeries Apex 9,2022,8.7,7.0,7.6,8.7,TenKeyLess (80%),4.11,35.5,12.8,,0.64,PBT,No,No,Yes,Cherry MX Style,Non-Customizable Design,,Yes,Yes,Yes,Yes,Wired,Yes (Wired Only Keyboard),USB type-C,No,Dedicated,No,Yes,No,Yes,19,52.2,1.1228125,3.15,,Optical,Linear,6,Fully Compatible,Fully Compatible,Fully Compatible,SteelSeries,2.3
Logitech G PRO Keyboard,2019,8.3,6.5,7.3,8.3,TenKeyLess (80%),3.5,36.0,15.3,,0.9,ABS,No,No,Yes,Cherry MX Style,Soldered,,Yes,Yes,Yes,Yes,Wired,Yes (Wired Only Keyboard),Micro USB,No,Non-Dedicated,No,No,No,Yes,19,60.1,1.94,3.7575,,Mechanical,Clicky,6,Fully Compatible,Fully Compatible,Fully Compatible,Logitech,1.9
Corsair K65 PLUS WIRELESS,2024,8.2,7.9,7.9,8.2,Compact (75%),3.7,32.0,13.7,,0.94,PBT,No,No,Yes,Cherry MX Style,5-pin Cherry,,Yes,Yes,Yes,Yes,Wireless,Yes (Wired Mode and Charge),USB type-C,Yes,Non-Dedicated,No,No,No,Yes,19,51.275,1.9109,3.769325,,Mechanical,Linear,6,Fully Compatible,Fully Compatible,Fully Compatible,Corsair,1.8
GLORIOUS GMMK 3,2024,8.3,5.8,6.6,8.5,Full-size (100%),4.3,45.4,14.75,,1.154,PBT,No,No,Yes,Cherry MX Style,5-pin Cherry,,Yes,Yes,Yes,Yes,Wired,Yes (Wired Only Keyboard),USB type-C,No,Non-Dedicated,No,No,Yes,Yes,19,55.56,2.3589,4.06305,,Mechanical,Linear,6,Fully Compatible,Fully Compatible,Fully Compatible,GLORIOUS,1.8
Logitech G915 X,2024,8.7,6.7,7.5,8.7,Full-size (100%),2.09,47.5,14.86,,1.58,PBT,No,No,Yes,Low Profile Cherry MX Style,Soldered,,Yes,Yes,Yes,Yes,Wired,Yes (Wired Only Keyboard),USB type-C,No,Dedicated,No,Yes,Yes,Yes,19,54.97,1.3854,3.1156,,Mechanical,Linear,6,Fully Compatible,Fully Compatible,Fully Compatible,Logitech,1.81
Logitech MX Mechanical,2022,7.2,8.0,8.2,6.4,Full-size (100%),2.7,43.4,13.15,,0.827,ABS,No,No,Yes,Low Profile Cherry MX Style,Soldered,,Yes,No,Yes,Yes,Wireless,Yes (Charge Only),USB type-C,Yes,Non-Dedicated,No,No,Yes,Yes,19,49.1,1.379375,3.285,,Mechanical,Tactile,6,Fully Compatible,Fully Compatible,Fully Compatible,Logitech,1.03
Logitech G915 X LIGHTSPEED,2024,8.6,7.4,7.5,8.6,Full-size (100%),1.84,47.3,14.8,,1.74,PBT,No,No,Yes,Low Profile Cherry MX Style,Soldered,,Yes,Yes,Yes,Yes,Wireless,Yes (Wired Mode and Charge),USB type-C,Yes,Dedicated,No,Yes,Yes,Yes,19,51.88,1.427125,3.068,,Mechanical,Tactile,6,Fully Compatible,Fully Compatible,Fully Compatible,Logitech,1.8
Corsair K70 CORE,2023,8.6,6.4,7.0,8.9,Full-size (100%),4.23,44.8,13.6,21.4,0.934,ABS,No,No,Yes,Cherry MX Style,Soldered,,Yes,Yes,Yes,Yes,Wired,No,Not Detachable,No,Non-Dedicated,No,No,Yes,Yes,19,51.25,1.605225,3.753925,,Mechanical,Linear,6,Fully Compatible,Fully Compatible,Fully Compatible,Corsair,1.78
ROYAL KLUDGE RK61,2019,7.1,7.0,7.3,6.7,Compact (60%),4.1,29.1,10.08,,0.579,ABS,No,No,Yes,Cherry MX Style,5-pin Cherry,,Yes,No,Yes,Yes,Wireless,Yes (Wired Mode and Charge),USB type-C,Yes,Non-Dedicated,No,No,No,Yes,19,53.0,2.2540625,4.08,,Mechanical,Tactile,No Profile,Fully Compatible,Fully Compatible,Fully Compatible,ROYAL KLUDGE,1.78
Obinslab Anne Pro 2,2018,8.1,8.0,8.1,7.8,Compact (60%),4.2,29.2,10.2,,0.64,PBT,No,No,Yes,Cherry MX Style,Soldered,,Yes,Yes,Yes,Yes,Wireless,Yes (Wired Mode and Charge),USB type-C,Yes,No Media Keys,No,No,No,No,19,53.6,2.4521875,4.0125,,Mechanical,Tactile,6,Fully Compatible,Fully Compatible,Fully Compatible,Obinslab,1.79
Ducky One 2,2018,7.3,8.0,7.1,,Full-size (100%),3.83,44.5,13.43,,1.083,PBT,Straight,,,,,,No,,No,No,Wired,Yes (Wired Only Keyboard),USB type-C,No,Hot Keys,No,No,Yes,Yes,,,2.1275,4.0825,,,Tactile,6,Full,Partial,Partial,Ducky,1.76
Ducky One 2 RGB TKL,2018,9.0,8.0,8.2,,TenKeyLess (80%),3.8,36.1,14.1,,0.9,PBT,Straight,,,,,,Yes,,Yes,Yes,Wired,Yes (Wired Only Keyboard),USB type-C,No,No,No,No,No,Yes,,,2.0915625,4.015,,,Tactile,6,Full,Partial,Partial,Ducky,1.8
Ducky One 2 Mini V2,2020,8.6,8.0,8.1,,Compact (60%),3.87,30.5,10.7,,0.56,PBT,Straight,,,,,,Yes,,Yes,Yes,Wired,Yes (Wired Only Keyboard),USB type-C,No,Hot Keys,No,No,No,Yes,,,2.1478125,4.0925,,,Tactile,6,Full,Partial,Partial,Ducky,1.7
Ducky One 2 SF,2019,8.2,7.8,8.1,,Compact (65%),3.83,32.6,10.66,,0.623,PBT,Straight,,,,,,Yes,,Yes,Yes,Wired,Yes (Wired Only Keyboard),USB type-C,No,Hot Keys,No,No,No,Yes,,,1.964642857,3.81,,,Clicky,6,Full,Partial,Partial,Ducky,1.795
Razer DeathStalker V2 Pro,2022,8.6,7.6,7.8,8.7,Full-size (100%),2.6,43.7,14.0,,0.767,ABS,No,No,Mixed,Low Profile Cherry MX Style,Non-Customizable Design,,Yes,Yes,Yes,Yes,Wireless,Yes (Wired Mode and Charge),USB type-C,Yes,Dedicated,No,Yes,Yes,Yes,19,45.4,1.2853125,2.8825,,Optical,Linear,6,Fully Compatible,Fully Compatible,Fully Compatible,Razer,1.96
NuPhy Air75,2021,7.8,7.7,7.8,7.5,Compact (75%),2.18,31.7,13.25,,0.554,PBT,No,No,Yes,Low Profile Cherry MX Style,Non-Cherry Pinout,,Yes,Yes,Yes,Yes,Wireless,Yes (Wired Mode and Charge),USB type-C,Yes,Non-Dedicated,No,No,No,No,19,51.3,1.72625,2.8,,Mechanical,Tactile,6,Fully Compatible,Fully Compatible,Fully Compatible,NuPhy,1.48
NuPhy Nos75,2024,8.5,7.7,7.9,8.5,Compact (75%),3.17,33.2,14.26,,1.424,PBT,No,No,Yes,Low Profile Cherry MX Style,5-pin Cherry,,Yes,Yes,Yes,Yes,Wired,Yes (Wired Only Keyboard),USB type-C,No,Non-Dedicated,No,No,No,No,19,48.55,1.7373,3.3218,,Mechanical,Linear,6,Fully Compatible,Fully Compatible,Fully Compatible,NuPhy,2.5
Epomaker TH80 Pro,2022,7.7,7.7,7.7,7.5,Compact (75%),4.3,32.4,13.6,,1.222,PBT,No,No,Yes,Cherry MX Style,5-pin Cherry,,Yes,Yes,Yes,Yes,Wireless,Yes (Wired Mode and Charge),USB type-C,Yes,Non-Dedicated,No,No,No,Yes,19,54,1.791875,3.5025,,Mechanical,Linear,6,Fully Compatible,Fully Compatible,Fully Compatible,Epomaker,1.5
Logitech G513,2018,8.5,6.7,7.2,8.7,Full-size (100%),3.46,44.45,13.16,21.92,1.14,ABS,No,No,Yes,Non-Customizable Design,Non-Customizable Design,,Yes,Yes,Yes,Yes,Wired,No,Not Detachable,No,Non-Dedicated,No,No,Yes,Yes,19,50.1,1.5676,3.225,,Mechanical,Tactile,6,Fully Compatible,Fully Compatible,Fully Compatible,Logitech,2.0
Razer BlackWidow V4,2023,8.8,7.0,7.5,9.1,Full-size (100%),4.07,46.7,15.3,22.5,1.14,ABS,No,No,Yes,Cherry MX Style,Soldered,,Yes,Yes,Yes,Yes,Wired,Yes (Wired Only Keyboard),USB type-C,No,Dedicated,No,Yes,Yes,Yes,19,49.3,1.4625,3.6225,,Mechanical,Linear,6,Fully Compatible,Fully Compatible,Fully Compatible,Razer,1.97
HyperX Alloy Rise,2024,8.3,6.9,7.3,8.3,Full-size (100%),4.78,45.4,14.1,,1.322,PBT,No,No,Yes,Cherry MX Style,5-pin Cherry,,Yes,Yes,Yes,Yes,Wired,Yes (Wired Only Keyboard),USB type-C,No,Dedicated,No,No,Yes,Yes,19,51.67,1.86795,3.68895,,Mechanical,Linear,6,Fully Compatible,Fully Compatible,Fully Compatible,HyperX,1.8
Logitech G PRO X Keyboard,2019,8.4,6.6,7.1,8.5,TenKeyLess (80%),3.5,36.0,15.3,,0.974,ABS,No,No,Yes,Cherry MX Style,3-pin Cherry,,Yes,Yes,Yes,Yes,Wired,Yes (Wired Only Keyboard),Micro USB,No,Non-Dedicated,No,No,No,Yes,19,52.3,1.8675,3.9725,,Mechanical,Linear,6,Fully Compatible,Fully Compatible,Fully Compatible,Logitech,1.85
ZAGG Pro Keys,2020,6.0,7.1,7.0,5.6,Compact (75%),0.72,25.5,21.0,,0.63,ABS,No,No,No,Non-Customizable Design,Non-Customizable Design,,Yes,No,No,No,Wireless,Yes (Charge Only),USB type-C,Yes,Dedicated,No,No,No,No,16.8,38.18,1.02125,1.585,,Scissor,Tactile,No Profile,Fully Compatible,Fully Compatible,Fully Compatible,ZAGG,
Logitech Keys-To-Go,2014,4.7,6.0,4.9,,Compact (65%),0.6,24.2,13.7,,0.186,Rubber,Straight,,,,,,No,,No,No,Wireless,Yes (Charge Only),Micro USB,Yes,Dedicated,No,No,No,No,,,1.14625,1.535,,,Tactile,No Profile,Partial,Full,Partial,Logitech,0.4
Logitech K480,2018,6.2,6.5,5.7,,Compact (65%),2.0,30.0,19.6,,0.8,ABS,Straight,,,,,,No,,No,No,Wireless,No,No Cable,Yes,Hot Keys,No,No,No,No,,,2.035,2.665,,,Tactile,6,Partial,Partial,Partial,Logitech,
Logitech Pebble Keys 2 K380s,2023,5.5,7.6,7.1,5.8,Compact (75%),1.7,27.9,12.4,,0.415,Unknown,No,No,No,Non-Customizable Design,Non-Customizable Design,,No,No,No,No,Wireless,No,No Cable,Yes,Non-Dedicated,No,No,No,No,18,38.02941,1.20025,1.3241,,Scissor,Tactile,No Profile,Fully Compatible,Fully Compatible,Fully Compatible,Logitech,
Logitech K380,2020,5.2,7.6,7.1,5.4,Compact (75%),1.7,27.85,12.4,,0.4,ABS,No,No,No,Non-Customizable Design,Non-Customizable Design,,No,No,No,No,Wireless,No,No Cable,Yes,Non-Dedicated,No,No,No,No,18,35.5,1.1384375,1.58,,Scissor,Tactile,No Profile,Fully Compatible,Fully Compatible,Fully Compatible,Logitech,
Keychron Q5 Max [Q1 Max  Q2 Max  etc.],2023,8.4,8.1,8.1,8.6,Compact (96%),5.0,40.8,14.5,,2.206,PBT,No,No,Yes,Cherry MX Style,5-pin Cherry,,Yes,Yes,Yes,Yes,Wireless,Yes (Wired Mode and Charge),USB type-C,Yes,Non-Dedicated,No,No,Yes,Yes,19,52.2,2.4555,3.24365,,Mechanical,Tactile,6,Fully Compatible,Fully Compatible,Fully Compatible,Keychron,1.8
Microsoft Bluetooth Keyboard,2019,6.3,7.6,6.9,7.1,Full-size (100%),1.9,43.5,12.4,,0.47,ABS,No,No,No,Non-Customizable Design,Non-Customizable Design,,No,No,No,No,Wireless,No,No Cable,Yes,Non-Dedicated,No,No,Yes,No,19,35.43,1.76865,2.077575,,Scissor,Tactile,6,Fully Compatible,Fully Compatible,Fully Compatible,Microsoft,
Logitech Signature K650,2022,5.4,6.5,6.0,6,Full-size (100%),2.281,45.6,19.294,,0.701,ABS,No,No,No,Non-Customizable Design,Non-Customizable Design,,No,No,No,No,Wireless,No Cable Supplied,No Cable,Yes,Dedicated,No,No,Yes,No,19,44.4,2.2946875,3.415,,Rubber Dome,Tactile,6,Fully Compatible,Fully Compatible,Fully Compatible,Logitech,
Logitech K780,2016,4.8,7.8,7.3,4.6,Compact (96%),2.2,38.0,15.8,,0.89,ABS,No,No,No,Non-Customizable Design,Non-Customizable Design,,No,No,No,No,Wireless,No,No Cable,Yes,Non-Dedicated,No,No,Yes,No,19,36.2,1.313333333,1.9375,,Scissor,Tactile,6,Fully Compatible,Fully Compatible,Fully Compatible,Logitech,
Logitech Signature Slim Keyboard K950,2014,5.9,7.8,7.4,6.5,Full-size (100%),1.57,43.0,13.0,,0.6857,ABS,No,No,No,Non-Customizable Design,Non-Customizable Design,,No,No,No,No,Wireless,No,No Cable,Yes,Non-Dedicated,No,No,Yes,No,19,40.0472,1.399025,1.836475,,Scissor,Tactile,6,Fully Compatible,Fully Compatible,Fully Compatible,Logitech,
Logitech G515 LIGHTSPEED TKL,2024,8.6,7.8,7.6,8.6,TenKeyLess (80%),2.15,35.5,14.63,,0.87371,PBT,No,No,Yes,Low Profile Cherry MX Style,Soldered,,Yes,Yes,Yes,Yes,Wireless,Yes (Wired Mode and Charge),USB type-C,Yes,Non-Dedicated,No,No,No,No,19,44.91,1.3274,3.10205,,Mechanical,Tactile,6,Fully Compatible,Fully Compatible,Fully Compatible,Logitech,1.85
REALFORCE R2,2018,6.3,7.1,6.8,7.4,Full-size (100%),3.7,45.5,14.0,,1.31,PBT,No,No,No,Non-Customizable Design,Non-Customizable Design,,No,No,No,No,Wired,No,Not Detachable,No,Non-Dedicated,No,No,Yes,No,19,42.2,2.2981,3.959775,,Electro-Capacitive,Tactile,No Profile,Fully Compatible,Fully Compatible,Fully Compatible,REALFORCE,1.7
Logitech G715,2022,8.5,7.5,7.5,8.4,TenKeyLess (80%),3.71,37.1,15.8,27.0,0.97,PBT,No,No,Yes,Cherry MX Style,Soldered,,Yes,Yes,Yes,Yes,Wireless,Yes (Wired Mode and Charge),USB type-C,Yes,Dedicated,No,Yes,No,Yes,19,55.5,1.925,3.905,,Mechanical,Tactile,6,Fully Compatible,Fully Compatible,Fully Compatible,Logitech,1.84
Dell KB216,2018,5.3,6.4,6.2,5.9,Full-size (100%),2.45,44.1,12.71,,0.425,ABS,No,No,No,Non-Customizable Design,Non-Customizable Design,,No,No,No,No,Wired,No,Not Detachable,No,Non-Dedicated,No,No,Yes,No,19,42.3,1.9415625,2.77,,Rubber Dome,Tactile,No Profile,Fully Compatible,Fully Compatible,Fully Compatible,Dell,1.84
SteelSeries Apex Pro Mini,2022,9.2,7.6,7.9,,Compact (60%),4.03,29.3,10.2,,0.604,PBT,Straight,,,,,,Yes,,Yes,Yes,Wired,Yes (Wired Only Keyboard),USB type-C,No,Hot Keys,No,No,No,Yes,,,2.210625,4.1725,,,Linear,6,Full,Full,Full,SteelSeries,2.24
ASUS ROG Falchion RX Low Profile,2024,8.6,7.6,7.6,8.9,Compact (65%),2.55,30.5,11.5,,0.59721,ABS,No,No,No,Non-Customizable Design,Soldered,,Yes,Yes,Yes,Yes,Wireless,Yes (Wired Mode and Charge),USB type-C,Yes,Dedicated,No,No,No,Yes,19,40.15,0.9893,2.778075,,Optical,Linear,6,Fully Compatible,Fully Compatible,Fully Compatible,ASUS,1.9
ROCCAT Vulcan TKL,2020,8.9,7.4,7.5,,TenKeyLess (80%),3.2,36.0,13.4,,0.7,ABS,Straight,,,,,,Yes,,Yes,Yes,Wired,Yes (Wired Only Keyboard),USB type-C,No,Hot Keys,No,Yes,No,Yes,,,1.66875,4.03,,,Tactile,5,Full,Partial,Partial,ROCCAT,1.8
ROCCAT Vulcan II Max/Mini,2022,9.0,7.1,7.3,,Full-size (100%),3.34,46.2,15.26,23.5,1.03,ABS,No,No,No,Cherry MX Style,Soldered,,Yes,Yes,Yes,Yes,Wired,No,Not Detachable,No,Dedicated,No,No,Yes,Yes,,50.94,1.8359375,3.7975,,Mechanical,Linear,5,Fully Compatible,Fully Compatible,Fully Compatible,ROCCAT,1.8
ROCCAT Vulcan II Mini Air,2023,8.3,7.5,7.7,8.3,Compact (65%),3.15,32.4,12.4,,0.584,ABS,No,No,No,Cherry MX Style,Soldered,,Yes,Yes,Yes,Yes,Wireless,Yes (Wired Mode and Charge),USB type-C,Yes,Non-Dedicated,No,No,No,Yes,19.0,50.8,1.3790625,3.7025,,Optical,Linear,5,Fully Compatible,Fully Compatible,Fully Compatible,ROCCAT,1.81
Razer Huntsman Mini,2020,9.5,7.6,8.0,,Compact (60%),3.74,29.33,10.28,,0.448,PBT,Straight,,,,,,Yes,,Yes,Yes,Wired,Yes (Wired Only Keyboard),USB type-C,No,Hot Keys,No,No,No,Yes,,,1.458125,3.4625,,,Clicky,6,Full,Partial,Partial,Razer,1.867
NuPhy Gem80,2024,8.3,8.3,8.1,8.2,TenKeyLess (80%),4.57,35.7,14.2,,1.38154,PBT,No,No,Yes,Cherry MX Style,5-pin Cherry,,Yes,Yes,Yes,Yes,Wireless,Yes (Wired Mode and Charge),USB type-C,Yes,Non-Dedicated,No,No,No,Yes,19,38.05,2.1486,3.799025,,Mechanical,Linear,6,Fully Compatible,Fully Compatible,Fully Compatible,NuPhy,2.5
GLORIOUS GMMK PRO,2021,8.3,7.2,7.6,8.2,Compact (75%),4.28,33.2,13.49,,1.76,PBT,No,No,Yes,Cherry MX Style,5-pin Cherry,,Yes,Yes,Yes,Yes,Wired,Yes (Wired Only Keyboard),USB type-C,No,Non-Dedicated,No,No,No,Yes,19,52.4,2.40625,3.4675,,Mechanical,Tactile,3,Fully Compatible,Fully Compatible,Fully Compatible,GLORIOUS,1.85
Leopold FC900R,2020,6.9,7.7,7.3,,Full-size (100%),3.521,44.0,14.0,,1.176,PBT,No,No,Yes,Cherry MX Style,Soldered,,No,No,No,No,Wired,Yes (Wired Only Keyboard),Mini USB,No,Non-Dedicated,No,No,Yes,Yes,,49.56,2.1384375,4.05,,Mechanical,Tactile,No Profile,Fully Compatible,Fully Compatible,Fully Compatible,Leopold,1.685
Das Keyboard 4 Professional,2014,6.3,7.1,6.0,,Full-size (100%),3.02,45.8,17.2,,1.2,ABS,Straight,,,,,,No,,No,No,Wired,No,Not Detachable,No,Dedicated,No,Yes,Yes,No,,,2.09875,4.1175,,,Tactile,No Profile,Full,Partial,Full,Das Keyboard,2.04
IQUNIX F97,2022,8.0,7.8,7.8,7.9,Compact (96%),4.2,37.2,12.35,,1.217,PBT,No,No,No,Cherry MX Style,5-pin Cherry,,Yes,Yes,Yes,Yes,Wireless,Yes (Wired Mode and Charge),USB type-C,Yes,Non-Dedicated,No,No,Yes,Yes,19,50.7,2.096875,4.035,,Mechanical,Tactile,No Profile,Fully Compatible,Fully Compatible,Fully Compatible,IQUNIX,1.5
NuPhy Halo96 [Halo65  Halo75],2022,7.9,8.1,8.0,7.7,Compact (96%),4.05,37.7,13.5,21.5,1.424,PBT,No,No,Yes,Cherry MX Style,5-pin Cherry,,Yes,Yes,Yes,Yes,Wireless,Yes (Wired Mode and Charge),USB type-C,Yes,Non-Dedicated,No,No,Yes,Yes,19,48.06,2.1384375,3.6475,,Mechanical,Linear,6,Fully Compatible,Fully Compatible,Fully Compatible,NuPhy,1.54
Keychron Q Pro Series [Q1 Pro  Q2 Pro  etc.],2023,8.3,8.2,8.1,8.3,Compact (75%),4.91,32.74,14.53,,1.731,PBT,No,No,Yes,Cherry MX Style,5-pin Cherry,,Yes,Yes,Yes,Yes,Wireless,Yes (Wired Mode and Charge),USB type-C,Yes,Non-Dedicated,No,No,No,No,19,46.8,2.5215625,4.085,,Mechanical,Tactile,6,Fully Compatible,Fully Compatible,Fully Compatible,Keychron,1.8
HHKB Studio,2023,6.5,7.7,7.4,7.4,Compact (60%),4.1,30.4,13.19,,0.94,PBT,No,No,Yes,Cherry MX Style,5-pin Cherry,,No,No,No,No,Wireless,Yes (Wired Only Keyboard),USB type-C,Yes,Non-Dedicated,Yes,No,No,No,19,40.89,1.842425,3.07605,,Mechanical,Linear,4,Fully Compatible,Fully Compatible,Fully Compatible,HHKB,0.93
Keychron V Series,2022,7.3,7.2,7.5,6.6,Compact (75%),3.65,32.8,14.86,,1.057,PBT,No,No,Yes,Cherry MX Style,5-pin Cherry,,Yes,Yes,Yes,Yes,Wired,Yes (Wired Only Keyboard),USB type-C,No,Non-Dedicated,No,No,No,No,19.0,50.8,2.5096875,3.8825,,Mechanical,Tactile,6,Fully Compatible,Fully Compatible,Fully Compatible,Keychron,1.8
Kinesis Freestyle Pro,2018,7.4,7.8,6.7,,TenKeyLess (80%),3.2,39.4,18.4,,1.2,ABS,Ergonomical,,,,,,No,,No,No,Wired,No,Not Detachable,No,Hot Keys,No,No,No,No,,,1.851875,4.115,,,Tactile,6,Full,Full,Full,Kinesis,1.8
iClever Tri-Folding Keyboard BK08,2020,5.1,6.5,6.2,5.5,Compact (60%),0.7,27.7,8.6,,0.3,ABS,No,No,No,Non-Customizable Design,Non-Customizable Design,,No,No,No,No,Wireless,Yes (Charge Only),Micro USB,Yes,Non-Dedicated,Yes,No,No,Yes,16.3,35.2,1.0896875,1.535,,Scissor,Tactile,No Profile,Fully Compatible,Fully Compatible,Fully Compatible,iClever,0.79
Logitech K400 Plus,2018,6.0,7.1,6.0,,TenKeyLess (80%),2.2,35.5,13.9,,0.4,ABS,No,No,No,Non-Customizable Design,Non-Customizable Design,,No,No,No,No,Wireless,No,No Cable,No,Non-Dedicated,Yes,No,No,No,,42.7,2.048125,2.905,,Rubber Dome,Tactile,No Profile,Fully Compatible,Fully Compatible,Fully Compatible,Logitech,
Lenovo ThinkPad TrackPoint Keyboard II,2020,7.0,7.8,6.4,,Compact (75%),1.42,30.5,16.4,,0.532,ABS,Straight,,,,,,No,,No,No,Wireless,Yes (Charge Only),USB type-C,Yes,Hot Keys,Yes,No,No,No,,,1.4734375,2.035,,,Tactile,No Profile,Full,Partial,Partial,Lenovo,1.11
Corsair K70 RGB MK.2,2018,8.4,6.9,7.5,8.2,Full-size (100%),3.89,43.8,16.975,22.8,1.218,ABS,No,No,Yes,Cherry MX Style,Soldered,,Yes,Yes,Yes,Yes,Wired,No,Not Detachable,No,Dedicated,No,Yes,Yes,Yes,19,54.1,2.066375,3.973825,,Mechanical,Tactile,6,Fully Compatible,Fully Compatible,Fully Compatible,Corsair,2.21
Corsair K70 RGB PRO,2022,9.3,8.2,8.2,,Full-size (100%),3.92,44.3,16.49,23.77,1.196,PBT,Straight,,,,,,Yes,,Yes,Yes,Wired,Yes (Wired Only Keyboard),USB type-C,No,Dedicated,No,Yes,Yes,Yes,,,2.059375,4.045,,,Linear,6,Full,Partial,Partial,Corsair,1.8
Corsair K70 PRO MINI WIRELESS,2022,8.8,7.6,7.8,9.2,Compact (60%),4.01,29.3,10.86,,0.616,PBT,No,No,Yes,Cherry MX Style,3-pin Cherry,,Yes,Yes,Yes,Yes,Wireless,Yes (Wired Mode and Charge),USB type-C,Yes,Non-Dedicated,No,No,No,Yes,19,50.5,2.080625,4.0825,,Mechanical,Linear,6,Fully Compatible,Fully Compatible,Fully Compatible,Corsair,1.84
Razer Huntsman V2,2021,9.0,7.4,7.8,9.3,Full-size (100%),3.87,44.8,14.0,23.0,1.137,PBT,No,No,No,Cherry MX Style,Soldered,,Yes,Yes,Yes,Yes,Wired,No,Not Detachable,No,Dedicated,No,No,Yes,Yes,19,48.2,1.2565625,3.58,,Optical,Linear,6,Fully Compatible,Fully Compatible,Fully Compatible,Razer,2.0
Keychron C1 Pro/C2 Pro,2023,8.0,6.8,7.0,8.3,TenKeyLess (80%),3.9,35.6,13.1,,0.742,PBT,No,No,Yes,Cherry MX Style,Soldered,,Yes,Yes,Yes,Yes,Wired,Yes (Wired Only Keyboard),USB type-C,No,Non-Dedicated,No,No,No,No,19,49.36,1.849375,3.94,,Mechanical,Linear,No Profile,Fully Compatible,Fully Compatible,Fully Compatible,Keychron,1.85
Keychron Lemokey L3,2023,8.5,7.9,7.9,8.7,TenKeyLess (80%),4.43,40.15,13.7,,1.9926,PBT,No,No,Yes,Cherry MX Style,5-pin Cherry,,Yes,Yes,Yes,Yes,Wireless,Yes (Wired Mode and Charge),USB type-C,Yes,Non-Dedicated,No,No,No,No,19,51.39,2.230075,3.21505,,Mechanical,Tactile,6,Fully Compatible,Fully Compatible,Fully Compatible,Keychron,1.81
Logitech K350,2018,4.9,7.4,5.3,,Full-size (100%),2.7,48.5,25.4,25.4,1.0,ABS,Ergonomical,,,,,,No,,No,No,Wireless,,No Cable,No,Dedicated,No,No,Yes,No,,,3.17,3.79,,,Tactile,No Profile,Partial,Partial,Partial,Logitech,
Logitech ERGO K860,2020,5.3,8.1,7.6,5.2,Full-size (100%),3.8,45.5,23.5,23.5,1.1,ABS,Yes,No,No,Non-Customizable Design,Non-Customizable Design,,No,No,No,No,Wireless,No,No Cable,Yes,Non-Dedicated,No,No,Yes,No,18.5,38.8,1.48625,2.1675,,Scissor,Tactile,6,Fully Compatible,Fully Compatible,Fully Compatible,Logitech,
Kensington Pro Fit Ergo Wireless Keyboard,2019,6.1,8.4,6.3,,Full-size (100%),3.225,46.0,22.0,22.0,0.765,ABS,Ergonomical,,,,,,No,,No,No,Wireless,No,No Cable,Yes,Hot Keys,No,No,Yes,No,,,1.6234375,2.455,,,Tactile,No Profile,Full,Partial,Partial,Kensington,
SteelSeries Apex 7 TKL,2019,8.3,6.9,7.6,8,TenKeyLess (80%),4.0,35.5,13.9,21.0,0.7,ABS,No,No,Yes,Cherry MX Style,Soldered,,Yes,Yes,Yes,Yes,Wired,No,Not Detachable,No,Dedicated,No,Yes,No,Yes,19,60.0,2.401875,4.07,,Mechanical,Tactile,5,Fully Compatible,Fully Compatible,Fully Compatible,SteelSeries,1.9
GLORIOUS GMMK 2,2022,8.1,7.2,7.7,7.6,Compact (96%),4.5,37.6,12.54,,1.311,ABS,No,No,Yes,Cherry MX Style,5-pin Cherry,,Yes,Yes,Yes,Yes,Wired,Yes (Wired Only Keyboard),USB type-C,No,Non-Dedicated,No,No,Yes,Yes,19,53.5,2.6828125,4.2675,,Mechanical,Linear,3,Fully Compatible,Fully Compatible,Fully Compatible,GLORIOUS,1.96
ASUS ROG Strix Flare II Animate,2022,8.8,7.2,7.7,9,Full-size (100%),3.85,43.5,16.56,24.07,1.21322,PBT,No,No,No,Cherry MX Style,3-pin Cherry,,Yes,Yes,Yes,Yes,Wired,No,Not Detachable,No,Dedicated,No,Yes,Yes,Yes,19,55.2,2.179375,4.0025,,Mechanical,Tactile,6,Fully Compatible,Fully Compatible,Fully Compatible,ASUS,2.02
Apple Magic Keyboard 2017,2020,5.6,7.5,6.8,5.7,Compact (75%),1.1,27.9,11.5,,0.23,ABS,No,No,No,Non-Customizable Design,Non-Customizable Design,,No,No,No,No,Wireless,Yes (Wired Mode and Charge),Lightning,Yes,Non-Dedicated,No,No,No,No,19,36.8,0.8646,1.0268,,Scissor,Tactile,No Profile,Partially Compatible,Fully Compatible,Fully Compatible,Apple,1.0
Logitech MX Keys,2019,6.4,8.1,8.1,5,Full-size (100%),2.04,43.0,13.19,,0.805,ABS,No,No,No,Non-Customizable Design,Non-Customizable Design,,Yes,No,Yes,No,Wireless,Yes (Charge Only),USB type-C,Yes,Non-Dedicated,No,No,Yes,Yes,19,40.2,1.2828125,1.9225,,Scissor,Tactile,6,Fully Compatible,Fully Compatible,Fully Compatible,Logitech,1.34
Razer Huntsman Tournament Edition,2019,8.6,6.2,7.1,8.7,TenKeyLess (80%),3.8,36.2,14.0,,0.7,PBT,No,No,No,Cherry MX Style,Soldered,,Yes,Yes,Yes,Yes,Wired,Yes (Wired Only Keyboard),USB type-C,No,Non-Dedicated,No,No,No,Yes,19,56.8,0.9859375,3.54,,Optical,Linear,6,Fully Compatible,Fully Compatible,Fully Compatible,Razer,2.0
Ducky One 2 Mini V1,2019,8.1,7.4,7.7,7.9,Compact (60%),3.77,31.5,10.7,,0.6,PBT,No,No,Yes,Cherry MX Style,Soldered,,Yes,Yes,Yes,Yes,Wired,Yes (Wired Only Keyboard),USB type-C,No,Non-Dedicated,No,No,No,Yes,19,46.9,2.146,3.95295,,Mechanical,Tactile,6,Fully Compatible,Fully Compatible,Fully Compatible,Ducky,1.6
Logitech G613 LIGHTSPEED,2017,6.5,7.5,7.1,7.9,Full-size (100%),3.2,47.8,21.6,21.6,1.468,ABS,No,No,Yes,Non-Customizable Design,Non-Customizable Design,,No,No,No,No,Wireless,No,No Cable,Yes,Dedicated,No,No,Yes,Yes,19,49.8,1.4918,3.188,,Mechanical,Tactile,6,Fully Compatible,Fully Compatible,Fully Compatible,Logitech,1.6
Redragon K552 KUMARA RGB,2018,7.3,5.8,6.9,6.5,TenKeyLess (80%),3.6,35.5,12.3,,0.8,ABS,No,No,Yes,Cherry MX Style,Non-Cherry Pinout,,Yes,Yes,Yes,Yes,Wired,No,Not Detachable,No,Non-Dedicated,No,No,No,Yes,19,59.9,1.9959375,3.7575,,Mechanical,Clicky,No Profile,Fully Compatible,Fully Compatible,Fully Compatible,Redragon,1.9
Logitech G815 LIGHTSYNC RGB,2019,8.7,6.6,7.3,8.8,Full-size (100%),2.1,47.5,14.9,,1.0,ABS,No,No,Mixed,Kailh Low Profile Choc ,Soldered,,Yes,Yes,Yes,Yes,Wired,No,Not Detachable,No,Dedicated,No,Yes,Yes,Yes,19,50.4,1.5221875,2.7375,,Mechanical,Tactile,6,Fully Compatible,Fully Compatible,Fully Compatible,Logitech,1.8
Razer BlackWidow Elite,2018,8.6,7.3,7.8,8.4,Full-size (100%),4.3,44.5,16.5,23.1,1.21,ABS,No,No,No,Cherry MX Style,Soldered,,Yes,Yes,Yes,Yes,Wired,No,Not Detachable,No,Dedicated,No,No,Yes,Yes,19,52.04,1.715925,3.859825,,Mechanical,Tactile,6,Fully Compatible,Fully Compatible,Fully Compatible,Razer,2.0
SteelSeries Apex 3,2020,7.7,6.6,7.0,7.6,Full-size (100%),3.7,44.4,15.0,22.3,0.8,ABS,No,No,No,Non-Customizable Design,Non-Customizable Design,,Yes,Yes,No,Yes,Wired,No,Not Detachable,No,Dedicated,No,Yes,Yes,Yes,19,46.7,2.43625,3.91,,Rubber Dome,Tactile,6,Fully Compatible,Fully Compatible,Fully Compatible,SteelSeries,1.8
Corsair K95 RGB PLATINUM XT,2020,8.3,7.0,7.8,8,Full-size (100%),3.8,46.5,16.8,23.0,1.2,PBT,No,No,Yes,Cherry MX Style,Soldered,,Yes,Yes,Yes,Yes,Wired,No,Not Detachable,No,Dedicated,No,Yes,Yes,Yes,19,56.88,2.001725,3.748125,,Mechanical,Clicky,6,Fully Compatible,Fully Compatible,Fully Compatible,Corsair,2.2
Kinesis Freestyle Edge RGB,2019,8.0,7.5,7.9,7.5,TenKeyLess (80%),2.7,39.1,18.3,25.6,1.2,ABS,No,Yes,Yes,Cherry MX Style,Soldered,,Yes,Yes,Yes,Yes,Wired,No,Not Detachable,No,Non-Dedicated,No,No,No,No,19,50.46,2.015225,3.965,,Mechanical,Tactile,6,Fully Compatible,Fully Compatible,Fully Compatible,Kinesis,1.8
Microsoft Surface Ergonomic Keyboard,2019,5.8,8.0,7.4,5.7,Full-size (100%),3.1,44.9,20.9,20.9,1.0,ABS,Yes,No,No,Non-Customizable Design,Non-Customizable Design,,No,No,No,No,Wireless,No,No Cable,Yes,Non-Dedicated,No,No,Yes,No,19,37.99,1.62565,2.454875,,Scissor,Tactile,No Profile,Fully Compatible,Fully Compatible,Fully Compatible,Microsoft,
Dygma Raise,2019,8.5,7.8,8.2,8.1,Compact (60%),3.3,33.0,20.9,20.9,0.69,PBT,No,Yes,Yes,Cherry MX Style,5-pin Cherry,,Yes,Yes,Yes,No,Wired,Yes (Wired Only Keyboard),USB type-C,No,Non-Dedicated,No,No,No,No,19,49.7,2.07,4.045,,Mechanical,Tactile,6,Fully Compatible,Fully Compatible,Fully Compatible,Dygma,1.74
IBM Model M,2012,6.0,6.9,7.3,6.3,Full-size (100%),4.9,48.9,20.8,,2.03,PBT,No,No,No,Non-Customizable Design,Non-Customizable Design,,No,No,No,No,Wired,Yes (Wired Only Keyboard),SDL,No,No Media Keys,No,No,Yes,No,19,58.78,2.5426,3.6234,,Buckling-spring,Clicky,No Profile,Fully Compatible,Fully Compatible,Fully Compatible,IBM,2.64
Razer Huntsman,2018,8.5,6.7,7.5,8.4,Full-size (100%),3.6,44.4,14.0,,0.8,ABS,No,No,No,Cherry MX Style,Soldered,,Yes,Yes,Yes,Yes,Wired,No,Not Detachable,No,Non-Dedicated,No,No,Yes,Yes,19,54.9,1.443625,3.2892,,Optical,Clicky,6,Fully Compatible,Fully Compatible,Fully Compatible,Razer,2.0
GLORIOUS GMMK,2016,7.6,7.1,7.6,6.9,Full-size (100%),3.85,43.8,12.852,,0.967,ABS,No,No,Yes,Cherry MX Style,3-pin Cherry,,Yes,Yes,Yes,Yes,Wired,No,Not Detachable,No,Non-Dedicated,No,No,Yes,Yes,19,53.43,2.5084,3.822575,,Mechanical,Tactile,3,Fully Compatible,Fully Compatible,Fully Compatible,GLORIOUS,1.95
Razer BlackWidow,2019,8.5,6.4,7.3,8.6,Full-size (100%),3.98,45.0,16.29,,1.25,ABS,No,No,No,Cherry MX Style,Soldered,,Yes,Yes,Yes,Yes,Wired,No,Not Detachable,No,Non-Dedicated,No,No,Yes,Yes,19,55.03,1.7355,3.826333333,,Mechanical,Clicky,6,Fully Compatible,Fully Compatible,Fully Compatible,Razer,1.945
Logitech G213 Prodigy,2016,7.8,5.8,6.4,8.2,Full-size (100%),3.24,45.2,21.55,21.6,1.079,ABS,No,No,No,Non-Customizable Design,Non-Customizable Design,,Yes,Yes,No,Yes,Wired,No,Not Detachable,No,Dedicated,No,No,Yes,Yes,19,51.5,2.8790625,3.8425,,Rubber Dome,Tactile,6,Fully Compatible,Fully Compatible,Fully Compatible,Logitech,1.81
Razer BlackWidow V3 Pro,2020,8.5,7.2,7.8,8.7,Full-size (100%),4.22,44.45,16.51,23.5,1.149,ABS,No,No,Yes,Cherry MX Style,Soldered,,Yes,Yes,Yes,Yes,Wireless,Yes (Wired Mode and Charge),USB type-C,Yes,Dedicated,No,No,Yes,Yes,19,57.16,1.811875,3.803375,,Mechanical,Clicky,6,Fully Compatible,Fully Compatible,Fully Compatible,Razer,1.99
Corsair K100 RGB,2020,9.0,7.4,8.0,9.1,Full-size (100%),3.94,47.0,16.5,23.5,1.3,PBT,No,No,Yes,Cherry MX Style,Soldered,,Yes,Yes,Yes,Yes,Wired,No,Not Detachable,No,Dedicated,No,Yes,Yes,Yes,19,54.3,1.085625,3.3725,,Mechanical,Linear,6,Fully Compatible,Fully Compatible,Fully Compatible,Corsair,1.8
Razer BlackWidow V3,2020,8.7,6.7,7.3,8.9,Full-size (100%),4.223,45.1,15.4,23.0,1.002,ABS,No,No,Yes,Cherry MX Style,Soldered,,Yes,Yes,Yes,Yes,Wired,No,Not Detachable,No,Dedicated,No,Yes,Yes,Yes,19,54.1,1.380625,3.5925,,Mechanical,Linear,6,Fully Compatible,Fully Compatible,Fully Compatible,Razer,1.95
Keychron C2,2021,7.0,6.7,7.2,6.4,Full-size (100%),3.9,43.4,12.8,,0.8,ABS,No,No,Yes,Cherry MX Style,Soldered,,Yes,No,Yes,Yes,Wired,Yes (Wired Only Keyboard),USB type-C,No,Dedicated,No,No,Yes,No,19,54.6,2.85665,3.948,,Mechanical,Tactile,No Profile,Fully Compatible,Fully Compatible,Fully Compatible,Keychron,1.8
HyperX Alloy Origins 60,2021,8.3,7.0,7.7,7.9,Compact (60%),3.7,29.65,10.5,,0.74,PBT,No,No,Yes,Cherry MX Style,Soldered,,Yes,Yes,Yes,Yes,Wired,Yes (Wired Only Keyboard),USB type-C,No,Non-Dedicated,No,No,No,Yes,19,49.7,2.0359375,3.945,,Mechanical,Linear,6,Fully Compatible,Fully Compatible,Fully Compatible,HyperX,1.8
EVGA Z20,2021,8.7,6.7,7.6,8.9,Full-size (100%),3.787,47.3,15.177,22.392,1.02,ABS,No,No,No,Cherry MX Style,Non-Customizable Design,,Yes,Yes,Yes,Yes,Wired,No,Not Detachable,No,Dedicated,No,Yes,Yes,Yes,19,58.4,1.487325,3.30325,,Optical,Clicky,6,Fully Compatible,Fully Compatible,Fully Compatible,EVGA,2.03
Corsair K55 RGB PRO XT,2021,8.3,6.1,6.6,8.7,Full-size (100%),3.4,48.1,16.7,23.0,0.89,ABS,No,No,No,Non-Customizable Design,Non-Customizable Design,,Yes,Yes,Yes,Yes,Wired,No,Not Detachable,No,Dedicated,No,No,Yes,Yes,19,50.05,2.6290625,3.975,,Rubber Dome,Tactile,6,Fully Compatible,Fully Compatible,Fully Compatible,Corsair,1.87
Keychron K10,2021,7.0,7.4,7.7,6,Full-size (100%),3.95,43.4,12.4,,0.902,ABS,No,No,Yes,Cherry MX Style,Soldered,,Yes,Yes,Yes,Yes,Wireless,Yes (Wired Mode and Charge),USB type-C,Yes,Non-Dedicated,No,No,Yes,No,19,56.3,2.81375,4.0175,,Mechanical,Tactile,No Profile,Fully Compatible,Fully Compatible,Fully Compatible,Keychron,1.2
Mountain Everest Max,2021,8.2,7.0,7.4,8.1,Full-size (100%),4.1,46.1,17.1,24.3,1.224,ABS,No,No,Yes,Cherry MX Style,3-pin Cherry,,Yes,Yes,Yes,Yes,Wired,Yes (Wired Only Keyboard),USB type-C,No,Dedicated,No,No,Yes,Yes,19,51.69,2.148025,4.043275,,Mechanical,Tactile,5,Fully Compatible,Fully Compatible,Fully Compatible,Mountain,1.95
Razer Pro Type Ultra,2021,8.5,8.0,8.2,8.6,Full-size (100%),4.0,44.1,13.3,22.2,0.966,ABS,No,No,Yes,Cherry MX Style,Soldered,,Yes,No,Yes,Yes,Wireless,Yes (Wired Mode and Charge),USB type-C,Yes,Non-Dedicated,No,No,Yes,No,19,54.4,1.426875,3.495,,Mechanical,Linear,6,Fully Compatible,Fully Compatible,Fully Compatible,Razer,1.8
Keychron K3 (Version 2),2021,7.8,7.3,7.5,7.6,Compact (75%),2.21,30.5,11.64,,0.48,ABS,No,No,Mixed,Low Profile Cherry MX Style,Soldered,,Yes,Yes,Yes,Yes,Wireless,Yes (Wired Mode and Charge),USB type-C,Yes,Non-Dedicated,No,No,No,No,19,42,1.0696875,2.5725,,Optical,Tactile,No Profile,Fully Compatible,Fully Compatible,Fully Compatible,Keychron,1.23
Logitech G413 SE,2022,8.1,6.4,7.2,8.4,Full-size (100%),3.64,43.5,12.7,,0.822,PBT,No,No,Yes,Cherry MX Style,Soldered,,Yes,No,Yes,Yes,Wired,No,Not Detachable,No,Non-Dedicated,No,No,Yes,Yes,19,54.1,1.88375,3.89,,Mechanical,Tactile,No Profile,Fully Compatible,Fully Compatible,Fully Compatible,Logitech,1.8
Keychron Q6,2022,7.5,7.5,7.7,6.7,Full-size (100%),4.4,44.7,13.75,,2.485,PBT,No,No,Yes,Cherry MX Style,5-pin Cherry,,Yes,Yes,Yes,Yes,Wired,Yes (Wired Only Keyboard),USB type-C,No,Non-Dedicated,No,No,Yes,No,19,48.1,2.7525,4.13,,Mechanical,Linear,6,Fully Compatible,Fully Compatible,Fully Compatible,Keychron,1.8
Razer Ornata V3,2022,7.5,5.9,6.7,7.5,Full-size (100%),3.1,44.3,14.4,22.78,0.776,ABS,No,No,No,Non-Customizable Design,Non-Customizable Design,,Yes,Yes,No,Yes,Wired,No,Not Detachable,No,Non-Dedicated,No,No,Yes,Yes,19,51.4,2.7003125,3.8025,,Rubber Dome,Clicky,6,Fully Compatible,Fully Compatible,Fully Compatible,Razer,2.0
Logitech K585,2023,4.7,6.8,6.5,4.6,Full-size (100%),2.02,37.3,14.38,,0.568,ABS,No,No,No,Non-Customizable Design,Non-Customizable Design,,No,No,No,No,Wireless,No,No Cable,Yes,Non-Dedicated,No,No,Yes,Yes,19,35.1,1.2746875,2.0025,,Scissor,Tactile,6,Fully Compatible,Fully Compatible,Fully Compatible,Logitech,
Keychron K3,2020,8.0,7.6,7.6,,Compact (75%),2.69,30.5,11.64,,0.397,ABS,Straight,,,,,,Yes,,Yes,Yes,Wireless,Yes (Wired Mode and Charge),USB type-C,Yes,Hot Keys,No,No,No,No,,,1.7378125,2.7425,,,Tactile,No Profile,Full,Full,Partial,Keychron,1.23
ASUS ROG Falchion,2020,9.0,7.5,7.8,,Compact (65%),3.8,30.5,10.2,,0.525,PBT,No,No,No,Cherry MX Style,Soldered,,Yes,Yes,Yes,Yes,Wireless,Yes (Wired Mode and Charge),USB type-C,No,Non-Dedicated,No,No,No,Yes,,50.6,2.1071875,4.0325,,Mechanical,Linear,6,Fully Compatible,Fully Compatible,Fully Compatible,ASUS,1.88
Ducky Shine 7,2019,8.5,7.4,7.8,8.2,Full-size (100%),3.7,45.7,13.5,,1.4,PBT,No,No,Yes,Cherry MX Style,Soldered,,Yes,Yes,Yes,Yes,Wired,Yes (Wired Only Keyboard),USB type-C,No,Non-Dedicated,No,No,Yes,Yes,19,50.07,2.02625,4.005,,Mechanical,Tactile,6,Fully Compatible,Fully Compatible,Fully Compatible,Ducky,1.6
Logitech G512 Special Edition,2019,8.6,6.9,7.4,,Full-size (100%),3.6,44.5,13.2,,0.8,ABS,No,No,Yes,Cherry MX Style,Soldered,,Yes,Yes,Yes,Yes,Wired,No,Not Detachable,No,Non-Dedicated,No,No,Yes,Yes,,55.04,2.051875,4.155,,Mechanical,Clicky,6,Fully Compatible,Fully Compatible,Fully Compatible,Logitech,1.8
EVGA Z12,2021,8.2,6.5,6.7,,Full-size (100%),3.8,47.4,15.2,,0.99762,ABS,No,No,No,Cherry MX Style,Non-Customizable Design,,Yes,Yes,No,Yes,Wired,No,Not Detachable,No,Dedicated,No,No,Yes,Yes,,54.8,1.9696875,3.67,,Rubber Dome,Tactile,6,Fully Compatible,Fully Compatible,Fully Compatible,EVGA,1.72
ROCCAT Pyro,2021,8.4,7.2,7.2,,Full-size (100%),3.48,44.6,15.0,22.5,0.901,ABS,No,No,Yes,Cherry MX Style,Soldered,,Yes,Yes,Yes,Yes,Wired,No,Not Detachable,No,Non-Dedicated,No,No,Yes,Yes,,52.6,2.1728125,4.0275,,Mechanical,Linear,5,Fully Compatible,Fully Compatible,Fully Compatible,ROCCAT,1.86
Drop CTRL,2019,8.4,7.5,7.5,,TenKeyLess (80%),4.38,36.9,13.96,,1.758,PBT,No,No,Yes,Cherry MX Style,3-pin Cherry,,Yes,Yes,Yes,Yes,Wired,Yes (Wired Only Keyboard),USB type-C,No,Non-Dedicated,No,No,No,No,,52.42,1.9871875,4.055,,Mechanical,Tactile,No Profile,Fully Compatible,Fully Compatible,Fully Compatible,Drop,1.49
Razer Ornata Chroma,2016,7.9,6.8,7.2,,Full-size (100%),3.2,46.0,15.4,23.7,0.83,ABS,No,No,No,Non-Customizable Design,Non-Customizable Design,,Yes,Yes,Yes,Yes,Wired,No,Not Detachable,No,Non-Dedicated,No,No,Yes,Yes,,50.06,2.459375,3.37,,Rubber Dome,Clicky,6,Fully Compatible,Fully Compatible,Fully Compatible,Razer,2.1
HyperX Alloy FPS RGB,2018,9.0,7.1,7.3,,Full-size (100%),3.5,44.2,13.0,,1.1,ABS,No,No,Yes,Cherry MX Style,Soldered,,Yes,Yes,Yes,Yes,Wired,Yes (Wired Only Keyboard),Mini USB,No,Non-Dedicated,No,No,Yes,Yes,,51.48,1.346875,3.79,,Mechanical,Linear,6,Fully Compatible,Fully Compatible,Fully Compatible,HyperX,1.8
Logitech G910 Orion Spark,2014,8.9,6.6,6.8,,Full-size (100%),3.2,50.3,20.2,20.2,1.5,ABS,No,No,Yes,Non-Customizable Design,Non-Customizable Design,,Yes,Yes,Yes,Yes,Wired,No,Not Detachable,No,Dedicated,No,Yes,Yes,Yes,,49.6,1.53625,3.325,,Mechanical,Tactile,6,Fully Compatible,Fully Compatible,Fully Compatible,Logitech,1.8
Varmilo VA87M,2018,8.0,7.5,7.3,,TenKeyLess (80%),3.54,35.56,13.26,,1.008,PBT,No,No,Yes,Cherry MX Style,Soldered,,Yes,No,Yes,Yes,Wired,Yes (Wired Only Keyboard),Mini USB,No,Non-Dedicated,No,No,No,Yes,,49.37,2.0209375,4.025,,Mechanical,Linear,No Profile,Fully Compatible,Fully Compatible,Fully Compatible,Varmilo,1.435
Razer Cynosa V2,2020,7.9,6.5,6.4,,Full-size (100%),3.02,46.99,16.79,,0.872,ABS,No,No,No,Non-Customizable Design,Non-Customizable Design,,Yes,Yes,Yes,Yes,Wired,No,Not Detachable,No,Dedicated,No,No,Yes,Yes,,46.59,2.3084375,3.5925,,Rubber Dome,Tactile,6,Fully Compatible,Fully Compatible,Fully Compatible,Razer,1.95
EVGA Z15,2021,9.1,6.9,7.5,,Full-size (100%),3.77,44.5,15.161,22.374,1.01,ABS,No,No,Yes,Cherry MX Style,3-pin Cherry,,Yes,Yes,Yes,Yes,Wired,No,Not Detachable,No,Dedicated,No,Yes,Yes,Yes,,55.76,1.1090625,3.665,,Mechanical,Clicky,6,Fully Compatible,Fully Compatible,Fully Compatible,EVGA,1.83
SteelSeries Apex 5,2020,8.7,6.8,7.4,,Full-size (100%),3.7,44.4,14.1,21.2,0.9,ABS,No,No,Yes,Cherry MX Style,Non-Customizable Design,,Yes,Yes,Yes,Yes,Wired,No,Not Detachable,No,Dedicated,No,No,Yes,Yes,,55.54,1.8071875,3.965,,Mechanical,Clicky,6,Fully Compatible,Fully Compatible,Fully Compatible,SteelSeries,1.8
Logitech K845,2020,7.9,6.9,7.3,,Full-size (100%),3.6,43.5,12.7,,0.794,ABS,No,No,Yes,Cherry MX Style,Soldered,,Yes,No,Yes,Yes,Wired,No,Not Detachable,No,Non-Dedicated,No,No,Yes,Yes,,56.8,2.1684375,4.025,,Mechanical,Clicky,No Profile,Fully Compatible,Fully Compatible,Fully Compatible,Logitech,1.81
Microsoft Surface Keyboard,2020,6.7,7.9,7.1,,Full-size (100%),1.8,42.0,11.2,,0.4,ABS,No,No,No,Non-Customizable Design,Non-Customizable Design,,No,No,No,No,Wireless,No,No Cable,Yes,Non-Dedicated,No,No,Yes,No,,38.69,1.4928125,2.1825,,Scissor,Tactile,No Profile,Fully Compatible,Fully Compatible,Fully Compatible,Microsoft,
Razer Huntsman Elite,2018,9.1,6.6,7.0,,Full-size (100%),3.67,44.45,14.03,23.1,1.215,ABS,No,No,No,Cherry MX Style,Soldered,,Yes,Yes,Yes,Yes,Wired,No,Not Detachable,No,Dedicated,No,No,Yes,Yes,,52.95,0.9975,3.525,,Optical,Linear,6,Fully Compatible,Fully Compatible,Fully Compatible,Razer,2.04
Corsair K55 RGB,2016,7.4,6.5,6.7,,Full-size (100%),4.0,48.0,16.5,23.0,0.757,ABS,No,No,No,Non-Customizable Design,Non-Customizable Design,,Yes,Yes,No,Yes,Wired,No,Not Detachable,No,Dedicated,No,No,Yes,Yes,,44.06,2.3025,3.9625,,Rubber Dome,Tactile,6,Fully Compatible,Fully Compatible,Fully Compatible,Corsair,1.8
Microsoft Sculpt Ergonomic Keyboard,2019,6.9,8.4,7.0,,Full-size (100%),3.6,39.2,20.9,,0.9,ABS,Yes,No,No,Non-Customizable Design,Non-Customizable Design,,No,No,No,No,Wireless,No,No Cable,No,Non-Dedicated,No,No,Yes,No,,42.84,1.6575,2.295,,Scissor,Tactile,6,Fully Compatible,Fully Compatible,Fully Compatible,Microsoft,
Corsair K83 Wireless,2019,8.4,7.7,7.8,,TenKeyLess (80%),2.83,38.0,12.4,,0.488,ABS,No,No,No,Non-Customizable Design,Non-Customizable Design,,Yes,No,Yes,Yes,Wireless,Yes (Wired Mode and Charge),Micro USB,Yes,Non-Dedicated,Yes,Yes,No,Yes,,40.5,1.4209375,2.3425,,Scissor,Tactile,6,Fully Compatible,Fully Compatible,Fully Compatible,Corsair,1.84
Keychron S Series,2022,8.8,7.7,7.6,,Compact (75%),2.3,31.0,11.85,,0.93,PBT,No,No,Mixed,Low Profile Cherry MX Style,Non-Cherry Pinout,,Yes,Yes,Yes,Yes,Wired,Yes (Wired Only Keyboard),USB type-C,No,Non-Dedicated,No,No,No,No,,51.2,1.7465625,2.725,,Mechanical,Tactile,6,Fully Compatible,Fully Compatible,Fully Compatible,Keychron,1.8
Keychron C1,2021,7.1,7.6,7.2,,TenKeyLess (80%),3.876,35.6,13.1,,0.7,ABS,Straight,,,,,,Yes,,Yes,Yes,Wired,Yes (Wired Only Keyboard),USB type-C,No,Hot Keys,No,No,No,No,,,3.0403125,4.16,,,Tactile,No Profile,Full,Full,Partial,Keychron,1.8
Corsair K60 RGB PRO Low Profile,2020,8.3,7.1,7.1,,Full-size (100%),3.01,44.1,13.6,,0.812,ABS,No,No,No,Low Profile Cherry MX Style,Soldered,,Yes,Yes,Yes,Yes,Wired,No,Not Detachable,No,Non-Dedicated,No,No,Yes,Yes,,49.4,0.91625,3.34,,Mechanical,Linear,6,Fully Compatible,Fully Compatible,Fully Compatible,Corsair,1.84
Razer Ornata V2,2020,7.9,6.8,7.2,,Full-size (100%),3.1,45.9,15.4,23.8,0.9,ABS,No,No,No,Non-Customizable Design,Non-Customizable Design,,Yes,Yes,Yes,Yes,Wired,No,Not Detachable,No,Dedicated,No,Yes,Yes,Yes,,49.29,2.464375,3.4275,,Rubber Dome,Clicky,6,Fully Compatible,Fully Compatible,Fully Compatible,Razer,2.1
Keychron Q1,2021,8.6,7.8,8.1,,Compact (75%),4.39,32.7,14.46,,1.642,ABS,Straight,,,,,,Yes,,Yes,Yes,Wired,Yes (Wired Only Keyboard),USB type-C,No,Hot Keys,No,No,No,No,,,2.639375,4.0375,,,Tactile,6,Full,Full,Full,Keychron,1.8
HyperX Alloy Core RGB,2018,6.8,6.5,6.2,,Full-size (100%),3.3,44.2,17.5,,1.1,ABS,No,No,No,Non-Customizable Design,Non-Customizable Design,,Yes,Yes,No,Yes,Wired,No,Not Detachable,No,Dedicated,No,No,Yes,Yes,,46.1,2.8584375,4.1025,,Rubber Dome,Tactile,No Profile,Fully Compatible,Fully Compatible,Fully Compatible,HyperX,1.79
HyperX Alloy Elite 2,2020,8.9,6.9,7.3,,Full-size (100%),3.6,44.5,16.88,,1.535,ABS,No,No,Yes,Cherry MX Style,Soldered,,Yes,Yes,Yes,Yes,Wired,No,Not Detachable,No,Dedicated,No,Yes,Yes,Yes,,58.3,1.6840625,3.9475,,Mechanical,Linear,6,Fully Compatible,Fully Compatible,Fully Compatible,HyperX,1.83
NZXT Function,2022,8.6,6.9,7.2,,Full-size (100%),3.83,44.5,12.81,20.1,0.925,ABS,No,No,Yes,Cherry MX Style,5-pin Cherry,,Yes,Yes,Yes,Yes,Wired,Yes (Wired Only Keyboard),USB type-C,No,Non-Dedicated,No,Yes,Yes,Yes,,57.1,2.15375,4.0325,,Mechanical,Linear,6,Fully Compatible,Fully Compatible,Fully Compatible,NZXT,2.0
Keychron Q5,2022,8.5,7.8,8.1,,Compact (96%),4.4,39.1,14.52,,2.33,PBT,Straight,,,,,,Yes,,Yes,Yes,Wired,Yes (Wired Only Keyboard),USB type-C,No,Hot Keys,No,No,Yes,No,,,2.7425,4.0275,,,Tactile,6,Full,Full,Full,Keychron,1.8
Keychron Q3,2022,8.4,7.8,8.1,,TenKeyLess (80%),4.4,36.7,13.75,,2.055,PBT,Straight,,,,,,Yes,,Yes,Yes,Wired,Yes (Wired Only Keyboard),USB type-C,No,Hot Keys,No,No,No,No,,,2.815625,4.1575,,,Tactile,6,Full,Full,Full,Keychron,1.8
AUKEY KM-G9,2017,6.2,7.0,5.9,,TenKeyLess (80%),3.2,35.8,11.0,,0.8,ABS,Straight,,,,,,No,,No,No,Wired,No,Not Detachable,No,Hot Keys,No,No,No,Yes,,,2.1203125,3.9525,,,Clicky,No Profile,Full,Partial,Full,AUKEY,1.5
ROCCAT Magma,2021,7.7,7.6,6.8,,Full-size (100%),3.42,45.0,15.5,23.0,0.684,ABS,Straight,,,,,,Yes,,No,Yes,Wired,No,Not Detachable,No,Hot Keys,No,No,Yes,Yes,,,2.4234375,3.8,,,Tactile,5,Full,Partial,Partial,ROCCAT,1.85
Corsair K63 Wireless,2018,8.5,7.9,7.9,,TenKeyLess (80%),3.8,36.6,17.2,23.5,1.1,ABS,Straight,,,,,,Yes,,Yes,Yes,Wireless,Yes (Wired Mode and Charge),Micro USB,Yes,Dedicated,No,No,No,Yes,,,2.1153125,4.0075,,,Linear,6,Full,Partial,Partial,Corsair,1.88
Corsair K57 RGB WIRELESS,2019,7.6,7.2,7.4,,Full-size (100%),3.4,48.0,16.6,23.06,0.951,ABS,Straight,,,,,,Yes,,Yes,Yes,Wireless,Yes (Wired Mode and Charge),Micro USB,Yes,Dedicated,No,No,Yes,Yes,,,2.6409375,3.9125,,,Tactile,6,Full,Partial,Partial,Corsair,1.88
Logitech K840,2018,6.9,7.4,5.9,,Full-size (100%),3.4,44.5,13.2,,0.91,ABS,Straight,,,,,,No,,No,No,Wired,No,Not Detachable,No,Hot Keys,No,No,Yes,Yes,,,1.635625,3.365,,,Tactile,No Profile,Full,Full,Partial,Logitech,1.8
Razer Pro Type,2020,8.7,7.3,7.9,,Full-size (100%),3.95,44.1,13.31,,0.908,ABS,Straight,,,,,,Yes,,Yes,Yes,Wireless,Yes (Charge Only),USB type-C,Yes,Hot Keys,No,No,Yes,No,,,2.070625,4.05,,,Tactile,6,Full,Partial,Partial,Razer,1.81
HyperX Alloy Origins,2019,9.2,7.8,8.0,,Full-size (100%),3.6,44.1,13.0,,1.3,ABS,Straight,,,,,,Yes,,Yes,Yes,Wired,Yes (Wired Only Keyboard),USB type-C,No,Hot Keys,No,No,Yes,Yes,,,1.9990625,3.925,,,Linear,6,Full,Partial,Partial,HyperX,1.8
ASUS ROG Strix Scope TKL,2020,8.7,7.6,7.8,,TenKeyLess (80%),4.0,35.56,13.6,,0.9,ABS,Straight,,,,,,Yes,,Yes,Yes,Wired,Yes (Wired Only Keyboard),USB type-C,No,Hot Keys,No,No,No,Yes,,,2.1790625,4.0075,,,Tactile,5,Full,Partial,Partial,ASUS,1.83
SteelSeries Apex 3 TKL,2021,7.2,7.2,6.8,,TenKeyLess (80%),4.0,36.5,15.3,,0.63989,ABS,Straight,,,,,,Yes,,No,Yes,Wired,No,Not Detachable,No,Dedicated,No,Yes,No,Yes,,,2.764375,3.735,,,Tactile,6,Full,Partial,Partial,SteelSeries,1.8
Keychron Q2,2022,8.5,7.8,8.1,,Compact (65%),4.4,32.7,12.13,,1.671,PBT,Straight,,,,,,Yes,,Yes,Yes,Wired,Yes (Wired Only Keyboard),USB type-C,No,Hot Keys,No,No,No,No,,,2.649375,4.0975,,,Tactile,6,Full,Full,Full,Keychron,1.8
Keychron Q4,2022,8.6,7.8,8.2,,Compact (60%),4.4,30.4,12.11,,1.543,PBT,Straight,,,,,,Yes,,Yes,Yes,Wired,Yes (Wired Only Keyboard),USB type-C,No,Hot Keys,No,No,No,No,,,2.670625,4.0625,,,Tactile,6,Full,Full,Full,Keychron,1.8
Keychron Q7,2022,8.5,7.8,8.1,,Compact (70%),4.4,34.2,12.12,,1.749,PBT,Straight,,,,,,Yes,,Yes,Yes,Wired,Yes (Wired Only Keyboard),USB type-C,No,Hot Keys,No,No,No,No,,,2.7375,3.9725,,,Tactile,6,Full,Full,Full,Keychron,1.8
Keychron Q8,2022,8.5,8.6,8.4,,Compact (65%),4.2,35.8,13.6,,1.828,PBT,Ergonomical,,,,,,Yes,,Yes,Yes,Wired,Yes (Wired Only Keyboard),USB type-C,No,Hot Keys,No,Yes,No,No,,,2.8359375,4.095,,,Tactile,6,Full,Full,Full,Keychron,1.8
Razer Ornata V3 X,2022,7.6,7.6,7.0,,Full-size (100%),3.1,44.3,14.4,22.84,0.71,ABS,Straight,,,,,,Yes,,No,Yes,Wired,No,Not Detachable,No,Hot Keys,No,No,Yes,Yes,,,2.5678125,3.71,,,Tactile,6,Full,Full,Full,Razer,1.9
Keychron K14,2021,7.5,7.6,7.8,,Compact (70%),3.9,33.5,10.7,,0.734,ABS,Straight,,,,,,Yes,,Yes,Yes,Wireless,Yes (Wired Mode and Charge),USB type-C,Yes,Hot Keys,No,No,No,No,,,2.625,4.095,,,Tactile,No Profile,Full,Partial,Partial,Keychron,1.2
Logitech G413,2017,8.9,7.4,7.3,,Full-size (100%),3.4,44.5,13.3,,1.0,ABS,Straight,,,,,,Yes,,Yes,Yes,Wired,No,Not Detachable,No,Hot Keys,No,No,Yes,Yes,,,1.60875,3.3625,,,Tactile,6,Full,Partial,Partial,Logitech,1.8
Keychron K6,2019,7.6,7.6,7.8,,Compact (65%),3.25,31.75,10.25,,0.68,ABS,Straight,,,,,,Yes,,Yes,Yes,Wireless,Yes (Wired Mode and Charge),USB type-C,Yes,Hot Keys,No,No,No,No,,,2.62875,3.95,,,Tactile,No Profile,Full,Partial,Partial,Keychron,1.23
System76 Launch,2021,7.9,7.5,7.5,,Compact (75%),3.05,31.0,13.56,,0.988,PBT,Straight,,,,,,Yes,,Yes,Yes,Wired,Yes (Wired Only Keyboard),USB type-C,No,Hot Keys,No,No,No,No,,,1.708125,3.7125,,,Tactile,6,Full,Full,Full,System76,1.48
HyperX Alloy Origins 65,2022,9.1,7.6,7.9,,Compact (65%),3.65,31.6,10.5,,0.833,PBT,Straight,,,,,,Yes,,Yes,Yes,Wired,Yes (Wired Only Keyboard),USB type-C,No,Hot Keys,No,No,No,Yes,,,2.2584375,3.965,,,Linear,6,Full,Partial,Partial,HyperX,1.8
Ducky MIYA Pro,2018,8.7,8.0,8.0,,Compact (65%),3.5,34.1,11.0,,0.7,PBT,Straight,,,,,,Yes,,Yes,Yes,Wired,Yes (Wired Only Keyboard),USB type-C,No,No,No,No,No,Yes,,,2.1684375,4.025,,,Tactile,No Profile,Full,Partial,Partial,Ducky,1.6
Logitech Folio Touch,2020,4.9,6.8,5.4,,Compact (75%),0.7,25.52,19.06,,0.644,ABS,Straight,,,,,,Yes,,No,No,Wired,Yes (Wired Only Keyboard),Apple Smart Connector,No,Dedicated,Yes,No,No,No,,,0.7635714286,1.08,,,Tactile,No Profile,No,No,No,Logitech,
Dream Machines DreamKey,2021,9.0,7.6,7.8,,Full-size (100%),3.86,43.7,13.73,,1.224,PBT,Straight,,,,,,Yes,,Yes,Yes,Wired,Yes (Wired Only Keyboard),USB type-C,No,No,No,No,Yes,Yes,,,1.923125,3.715,,,Tactile,6,Full,Partial,Partial,Dream Machines,1.78
Logitech Slim Folio Pro,2019,6.9,7.0,6.3,,Compact (75%),0.4,28.2,24.0,,0.8,ABS,Straight,,,,,,Yes,,Yes,No,Wireless,Yes (Charge Only),USB type-C,Yes,Dedicated,No,No,No,No,,,0.985625,1.8,,,Tactile,No Profile,Partial,Partial,Partial,Logitech,
Keychron K8,2020,7.7,7.5,7.7,,TenKeyLess (80%),4.3,35.8,13.0,,0.9,ABS,Straight,,,,,,Yes,,Yes,Yes,Wireless,Yes (Wired Mode and Charge),USB type-C,Yes,Hot Keys,No,No,No,No,,,2.235625,4.0825,,,Tactile,No Profile,Partial,Partial,Partial,Keychron,1.2
Redragon K582 SURARA RGB,2019,8.7,7.3,7.4,,Full-size (100%),3.6,43.8,12.87,,1.156,ABS,Straight,,,,,,Yes,,Yes,Yes,Wired,No,Not Detachable,No,Hot Keys,No,No,Yes,Yes,,,1.8953125,4.0475,,,Tactile,3,Full,Partial,Partial,Redragon,1.8923
Drop ALT,2019,8.3,8.1,7.8,,Compact (65%),3.28,32.2,11.2,,0.711,PBT,Straight,,,,,,Yes,,Yes,Yes,Wired,Yes (Wired Only Keyboard),USB type-C,No,Hot Keys,No,No,No,No,,,1.914375,4.01,,,Tactile,No Profile,Full,Full,Full,Drop,1.513
NPET K20,2020,7.6,7.3,6.9,,Full-size (100%),4.2,43.8,13.21,,0.849,ABS,Straight,,,,,,Yes,,Yes,Yes,Wired,No,Not Detachable,No,Hot Keys,No,No,Yes,Yes,,,1.9471875,3.955,,,Tactile,No Profile,Full,Partial,Full,NPET,1.8
Logitech POP Keys,2021,6.5,6.6,5.9,,Compact (75%),3.71,32.0,13.84,,0.81,ABS,Straight,,,,,,No,,No,No,Wireless,No,No Cable,Yes,Hot Keys,No,No,No,No,,,2.0384375,3.9875,,,Tactile,No Profile,Full,Full,Partial,Logitech,
Redragon Dragonborn K630 RGB,2021,8.8,7.1,7.2,,Compact (60%),3.58,30.6,10.1,,0.53758,ABS,Straight,,,,,,Yes,,Yes,Yes,Wired,Yes (Wired Only Keyboard),USB type-C,No,No,No,No,No,Yes,,,1.8353125,4.0575,,,Tactile,3,Full,Partial,Partial,Redragon,1.52
Ducky Mecha Mini V2,2020,8.8,8.0,8.3,,Compact (60%),3.8,29.5,10.5,,0.8,PBT,Straight,,,,,,Yes,,Yes,Yes,Wired,Yes (Wired Only Keyboard),USB type-C,No,Hot Keys,No,No,No,Yes,,,2.0359375,4.025,,,Tactile,6,Full,Partial,Partial,Ducky,1.8
Fintie Soft TPU Keyboard Case For iPad 7th Gen,2020,5.0,6.9,5.0,,Compact (65%),0.64,24.7,15.03,,0.19575,ABS,Straight,,,,,,No,,No,No,Wireless,Yes (Charge Only),Micro USB,Yes,Dedicated,No,No,No,No,,,1.82125,2.5,,,Tactile,No Profile,Partial,Partial,Partial,Fintie,0.8
Brydge 10.2 Keyboard for Apple iPad,2019,6.0,7.6,6.5,,Compact (65%),0.7,25.08,17.88,,0.554,ABS,Straight,,,,,,Yes,,No,No,Wireless,Yes (Charge Only),Micro USB,Yes,Dedicated,No,No,No,No,,,0.9103125,1.345,,,Tactile,No Profile,Partial,Partial,Partial,Brydge,0.5
AmazonBasics K4R,2020,5.6,7.2,5.4,,TenKeyLess (80%),2.3,37.3,12.9,,0.345,ABS,Straight,,,,,,No,,No,No,Wireless,No,No Cable,No,Hot Keys,Yes,No,No,No,,,1.491875,1.99,,,Tactile,No Profile,Full,Partial,Partial,AmazonBasics,
Das Keyboard Model S Professional,2012,6.2,7.5,6.1,,Full-size (100%),3.72,45.72,16.716,,1.247,ABS,Straight,,,,,,No,,No,No,Wired,No,Not Detachable,No,Hot Keys,No,No,Yes,No,,,2.0996875,4.0875,,,Tactile,No Profile,Full,Partial,Full,Das Keyboard,2.01
Adesso Tru-Form 150,2020,6.0,6.8,5.2,,Full-size (100%),4.2,50.5,23.4,23.4,0.8,ABS,Ergonomical,,,,,,Yes,,No,No,Wired,No,Not Detachable,No,Dedicated,No,No,Yes,No,,,2.521875,3.89,,,Tactile,No Profile,Full,Partial,Partial,Adesso,1.8
Matias Ergo Pro,2019,6.6,8.5,6.6,,TenKeyLess (80%),3.5,36.0,23.2,23.2,1.6,ABS,Ergonomical,,,,,,No,,No,No,Wired,Yes (Wired Only Keyboard),Micro USB,No,Hot Keys,No,No,No,No,,,1.5209375,3.54,,,Tactile,No Profile,Full,Partial,Full,Matias,2.0
Wooting one,2017,9.1,7.4,7.4,,TenKeyLess (80%),3.9,36.9,15.9,,0.766,ABS,Straight,,,,,,Yes,,Yes,Yes,Wired,Yes (Wired Only Keyboard),Micro USB,No,Hot Keys,No,No,No,Yes,,,1.460625,4.0025,,,Linear,6,Full,Partial,Full,Wooting,1.96
Das Keyboard X50Q,2017,9.0,8.0,7.8,,Full-size (100%),3.2,45.3,17.0,23.3,1.3,ABS,Straight,,,,,,Yes,,Yes,Yes,Wired,No,Not Detachable,No,Dedicated,No,Yes,Yes,Yes,,,1.4984375,3.56,,,Tactile,No Profile,Full,Partial,Partial,Das Keyboard,2.0
Brydge Pro,2019,6.4,7.8,6.5,,Compact (65%),0.82,28.08,21.78,,0.701,ABS,Straight,,,,,,Yes,,No,No,Wireless,Yes (Charge Only),USB type-C,Yes,Dedicated,No,No,No,No,,,1.04875,1.6125,,,Tactile,No Profile,Partial,Partial,No,Brydge,0.548
Keychron K7,2021,7.9,7.8,7.6,,Compact (65%),2.3,30.5,9.7,,0.40253,ABS,Straight,,,,,,Yes,,Yes,Yes,Wireless,Yes (Wired Mode and Charge),USB type-C,Yes,Hot Keys,No,No,No,No,,,1.76,2.7425,,,Tactile,No Profile,Full,Partial,Partial,Keychron,1.2
Corsair K65 LUX RGB,2016,9.1,8.0,7.9,,TenKeyLess (80%),3.77,35.6,16.56,20.968,0.973,ABS,Straight,,,,,,Yes,,Yes,Yes,Wired,No,Not Detachable,No,Hot Keys,No,No,No,Yes,,,2.3228125,3.995,,,Linear,6,Full,Partial,Partial,Corsair,1.9
ASUS ROG Claymore II,2021,8.8,7.8,7.9,,Full-size (100%),3.84,46.2,15.4,21.5,1.066,ABS,Straight,,,,,,Yes,,Yes,Yes,Wireless,Yes (Wired Mode and Charge),USB type-C,No,Hot Keys,No,Yes,Yes,Yes,,,1.5253125,4.11,,,Clicky,6,Full,Partial,Partial,ASUS,1.97
Keychron K12,2021,7.5,7.6,7.8,,Compact (60%),3.9,29.8,10.7,,0.667,ABS,Straight,,,,,,Yes,,Yes,Yes,Wireless,Yes (Wired Mode and Charge),USB type-C,Yes,Hot Keys,No,No,No,No,,,2.608125,4.045,,,Tactile,No Profile,Full,Partial,Partial,Keychron,1.21
Corsair STRAFE RGB MK.2,2018,9.0,7.9,7.8,,Full-size (100%),4.03,45.0,16.9,21.9,1.4,ABS,Straight,,,,,,Yes,,Yes,Yes,Wired,No,Not Detachable,No,Dedicated,No,Yes,Yes,Yes,,,2.259375,4.0225,,,Linear,6,Full,Partial,Partial,Corsair,1.97
Corsair K70 RAPIDFIRE,2016,9.0,7.9,7.6,,Full-size (100%),3.86,43.8,16.48,20.8,1.191,ABS,Straight,,,,,,Yes,,Yes,Yes,Wired,No,Not Detachable,No,Dedicated,No,Yes,Yes,Yes,,,1.2328125,3.355,,,Linear,6,Full,Partial,Partial,Corsair,2.02
Razer BlackWidow V3 Mini HyperSpeed,2021,9.0,6.9,7.8,,Compact (65%),4.08,31.8,13.05,,0.723,ABS,Straight,,,,,,Yes,,Yes,Yes,Wireless,Yes (Wired Mode and Charge),USB type-C,Yes,Hot Keys,No,No,No,Yes,,,1.8234375,4.0175,,,Clicky,6,Full,Partial,Partial,Razer,2.0
Cooler Master MK730,2019,8.5,7.8,7.8,,TenKeyLess (80%),4.287,35.9,13.25,19.28,0.71,ABS,Straight,,,,,,Yes,,Yes,Yes,Wired,Yes (Wired Only Keyboard),USB type-C,No,Hot Keys,No,No,No,Yes,,,2.0903125,3.8475,,,Clicky,6,Full,Partial,Partial,Cooler Master,1.74
Logitech K360,2012,5.5,7.2,5.5,,Full-size (100%),2.35,38.0,15.0,,0.569,ABS,Straight,,,,,,No,,No,No,Wireless,No,No Cable,No,Dedicated,No,No,Yes,No,,,2.3896875,3.3275,,,Tactile,No Profile,Full,Partial,Partial,Logitech,
Drop ENTR,2020,7.8,7.6,7.4,,TenKeyLess (80%),3.16,35.8,13.0,,0.995,PBT,Straight,,,,,,Yes,,Yes,No,Wired,Yes (Wired Only Keyboard),USB type-C,No,Hot Keys,No,No,No,Yes,,,1.89375,3.6925,,,Tactile,No Profile,Full,Partial,Full,Drop,1.6
Fnatic miniSTREAK,2018,8.8,7.6,7.7,,TenKeyLess (80%),3.78,36.2,14.3,,0.6413,ABS,Straight,,,,,,Yes,,Yes,Yes,Wired,Yes (Wired Only Keyboard),USB type-C,No,Hot Keys,No,No,No,Yes,,,2.193125,4.395,,,Linear,4,Full,Partial,Partial,Fnatic,2.1
Corsair K68 RGB,2019,8.5,7.7,7.7,,Full-size (100%),3.375,45.5,16.413,22.5,1.377,ABS,Straight,,,,,,Yes,,Yes,Yes,Wired,No,Not Detachable,No,Dedicated,No,No,Yes,Yes,,,1.9775,3.81,,,Clicky,6,Full,Partial,Partial,Corsair,2.2
Corsair K55 RGB PRO,2021,7.4,7.2,6.4,,Full-size (100%),3.42,48.4,16.63,23.0,0.768,ABS,Straight,,,,,,Yes,,No,Yes,Wired,No,Not Detachable,No,Dedicated,No,No,Yes,Yes,,,2.594375,3.9775,,,Tactile,6,Full,Partial,Partial,Corsair,1.8
ROCCAT Vulcan Pro,2020,9.2,7.9,7.6,,Full-size (100%),3.22,46.1,15.97,23.4,0.931,ABS,Straight,,,,,,Yes,,Yes,Yes,Wired,No,Not Detachable,No,Hot Keys,No,Yes,Yes,Yes,,,1.5175,3.7525,,,Linear,5,Full,Partial,Partial,ROCCAT,1.8
Logitech Craft,2017,7.9,7.9,7.7,,Full-size (100%),1.94,43.0,14.87,,0.958,ABS,Straight,,,,,,Yes,,Yes,No,Wireless,Yes (Charge Only),USB type-C,Yes,Hot Keys,No,Yes,Yes,No,,,1.2240625,1.9275,,,Tactile,6,Full,Partial,Partial,Logitech,1.36
Logitech K800,2010,6.3,7.2,5.8,,Full-size (100%),2.4,45.1,19.6,,0.9,ABS,Straight,,,,,,Yes,,No,No,Wireless,Yes (Charge Only),Micro USB,No,Hot Keys,No,No,Yes,No,,,2.2065625,3.165,,,Tactile,No Profile,Full,Partial,Partial,Logitech,1.8
Razer Cynosa Chroma,2017,7.9,6.7,6.7,,Full-size (100%),3.1,45.4,18.0,,0.8,ABS,Straight,,,,,,Yes,,Yes,Yes,Wired,No,Not Detachable,No,Hot Keys,No,No,Yes,Yes,,,2.663125,3.99,,,Tactile,6,Full,Partial,Partial,Razer,2.0
Corsair K95 PLATINUM,2017,9.4,7.7,7.8,,Full-size (100%),3.4,46.5,16.8,23.0,1.2,ABS,Straight,,,,,,Yes,,Yes,Yes,Wired,No,Not Detachable,No,Dedicated,No,Yes,Yes,Yes,,,1.1,3.4325,,,Linear,6,Full,Partial,Partial,Corsair,2.2
Razer BlackWidow Tournament Edition Chroma V2,2017,9.3,8.1,8.0,,TenKeyLess (80%),4.2,36.2,16.04,23.4,1.021,ABS,Straight,,,,,,Yes,,Yes,Yes,Wired,Yes (Wired Only Keyboard),Mini USB,No,Hot Keys,No,No,No,Yes,,,1.2803125,3.7375,,,Linear,6,Full,Partial,Partial,Razer,2.0
Durgod Taurus K320,2017,7.4,7.6,6.8,,TenKeyLess (80%),3.85,35.7,13.2,,0.994,PBT,Straight,,,,,,No,,No,No,Wired,Yes (Wired Only Keyboard),USB type-C,No,Hot Keys,No,No,No,Yes,,,2.01375,4.0575,,,Tactile,6,Full,Partial,Partial,Durgod,1.78
ROCCAT Vulcan 120 AIMO,2019,8.9,8.0,7.8,,Full-size (100%),3.2,46.2,15.9,23.5,0.9,ABS,Straight,,,,,,Yes,,Yes,Yes,Wired,No,Not Detachable,No,Hot Keys,No,Yes,Yes,Yes,,,2.123125,3.775,,,Tactile,5,Full,Partial,Partial,ROCCAT,1.8
Drop SHIFT,2021,8.2,8.2,7.9,,Compact (96%),3.23,38.7,14.0,,1.1,PBT,Straight,,,,,,Yes,,Yes,Yes,Wired,Yes (Wired Only Keyboard),USB type-C,No,Hot Keys,No,No,Yes,No,,,2.1578125,4.105,,,Tactile,No Profile,Full,Partial,Full,Drop,1.46
Keychron K2 (Version 2),2019,7.7,7.6,7.8,,Compact (75%),4.196,31.6,12.669,,0.787,ABS,Straight,,,,,,Yes,,Yes,Yes,Wireless,Yes (Wired Mode and Charge),USB type-C,Yes,Hot Keys,No,No,No,No,,,2.27375,4.0425,,,Tactile,No Profile,Full,Full,Partial,Keychron,1.2
HyperX Alloy FPS Pro,2017,7.7,7.6,7.1,,TenKeyLess (80%),3.5,36.0,13.0,,0.9,ABS,Straight,,,,,,Yes,,Yes,Yes,Wired,Yes (Wired Only Keyboard),Mini USB,No,Hot Keys,No,No,No,Yes,,,2.06625,4.0075,,,Linear,No Profile,Full,Partial,Full,HyperX,1.8
Dierya x KEMOVE DK61 Pro,2019,9.0,7.4,8.2,,Compact (60%),3.8,29.2,9.7,,0.64,PBT,Straight,,,,,,Yes,,Yes,Yes,Wireless,Yes (Wired Mode and Charge),USB type-C,Yes,Hot Keys,No,No,No,Yes,,,1.925625,3.1,,,Tactile,4,Full,Partial,Partial,Dierya,1.5
Razer BlackWidow Lite,2019,8.8,7.8,7.8,,TenKeyLess (80%),3.53,36.1,13.3,,0.687,ABS,Straight,,,,,,Yes,,Yes,Yes,Wired,Yes (Wired Only Keyboard),Micro USB,No,Hot Keys,No,No,No,No,,,1.77,4.03,,,Tactile,6,Full,Partial,Partial,Razer,1.975
Keychron K1,2019,8.0,7.3,7.4,,TenKeyLess (80%),2.32,35.56,12.14,,0.636,ABS,Straight,,,,,,Yes,,Yes,Yes,Wireless,Yes (Wired Mode and Charge),USB type-C,Yes,Hot Keys,No,No,No,No,,,1.4121875,2.74,,,Linear,No Profile,Partial,Partial,Partial,Keychron,1.52
Keychron K4,2019,7.7,7.6,7.7,,Compact (96%),3.73,37.1,12.45,,0.765,ABS,Straight,,,,,,Yes,,Yes,Yes,Wireless,Yes (Wired Mode and Charge),USB type-C,Yes,Hot Keys,No,No,Yes,No,,,1.867916667,4.0075,,,Tactile,No Profile,Full,Full,Partial,Keychron,1.17
Vortex Race 3,2020,7.6,7.9,7.2,,TenKeyLess (75%),2.8,31.8,11.6,,0.8,PBT,Straight,,,,,,No,,No,No,Wired,Yes (Wired Only Keyboard),Micro USB,No,Hot Keys,No,No,No,Yes,,,1.8621875,4.025,,,Tactile,4,Full,Full,Full,Vortex,1.5
