Product,Release Year,Ranking Office,Ranking Gaming,Ranking Editing,Ranking General,Brand,Coating,Length (mm),Width (mm),Height (mm),Grip Width (mm),Ambidextrous,Left-Handed Friendly,Finger Rest,Default Weight (gm),Weight Distribution,Maximum Of Paired Devices,Battery Type,Connectivity,Cable Length (m),Mouse Feet Material,Switch Type,Switch Model,Total Number Of Buttons,Number Of Side Buttons,Profile Switching Button,Scroll Wheel Type,Software Windows Compatibility,Software macOS Compatibility
Zaunkoenig M2K,2021,5.4,9.3,5.9,9.3,Zaunkoenig,Matte,79.0,59.5,29.4,56.0,True Ambidextrous,Yes,No,23.06,Front-heavy,Wired,No Batteries,Wired,1.64,Virgin Grade PTFE,Mechanical,Omron D2F-01F,3,0,No,Notched Wheel,No,No
Keychron M4,2023,7.2,9.2,7.8,9.3,Keychron,Matte,86.0,53.6,32.0,52.0,Shape Only,Yes,No,37.5,Back-heavy,2,Rechargeable,Wireless,1.77,PTFE,Mechanical,Huano 80M Micro Switch,7,2,No,Notched Wheel,Yes,Yes
G-Wolves HSK Pro 4K,2023,6.7,9.3,7.6,9.4,G-Wolves,Matte,73.5,55.9,29.1,52.0,Shape Only,Yes,No,27.24,Centered,1,Rechargeable,Wireless,1.6,PTFE,Mechanical,ZIPPY DF3-P1L1,5,2,No,Notched Wheel,Yes,No
G-Wolves Fenrir Max,2025,6.9,8.3,6.8,8.6,G-Wolves,Matte,74.0,60.6,31.0,60.0,Shape Only,Yes,No,24.6,Centered,1,Rechargeable,Wireless,1.3,Virgin Grade PTFE,Mechanical,Huano Transparent Blue Shell Pink Dot,5,2,No,Notched Wheel,Yes,Yes
Logitech MX Master 4,2025,9.1,7.4,7.7,6.7,Logitech,Matte,129.8,88.0,51.0,61.0,No,No,Thumb,151.8,Centered,3,Rechargeable,Wireless,,PTFE,Mechanical,Not Specified,9,4,No,Notched Wheel + Free Wheel,Yes,Yes
Logitech G PRO X SUPERLIGHT 2c,2025,7.2,9.5,8.1,9.7,Logitech,Matte,118.0,61.0,38.6,59.0,No,Yes,No,50.38,Centered,1,Rechargeable,Wireless,1.9,Virgin Grade PTFE,Optical,LIGHTFORCE,5,2,Yes,Notched Wheel,Yes,Yes
Logitech M720 Triathlon,2016,8.3,7.1,7.5,6.3,Logitech,Matte,110.0,75.0,44.0,60.0,No,No,Thumb,134.81,Centered,3,1x AA,Wireless,,PTFE,Mechanical,Not Specified,10,4,No,Notched Wheel + Free Wheel,Yes,Yes
Keychron M6,2023,8.8,8.1,7.8,8.5,Keychron,Matte,122.5,75.3,50.8,56.0,No,No,Thumb,78.18,Centered,4,Rechargeable,Wireless,1.85,Virgin Grade PTFE,Mechanical,Huano 80M Micro Switch,8,2,No,Notched Wheel + Free Wheel,Yes,Yes
Razer Basilisk V3 Pro,2022,8.6,8.5,8.8,9.4,Razer,Matte,130.0,75.0,42.0,62.0,No,No,Thumb,112.98,Front-heavy,2,Rechargeable,Wireless,1.9,Virgin Grade PTFE,Optical,Razer Optical Mouse Switch Gen 3,11,3,Yes,Notched Wheel + Free Wheel,Yes,Yes
VXE R1 Pro,2024,7.1,9.3,7.8,9.5,VXE,Matte,120.0,65.0,38.0,58.0,Shape Only,Yes,No,48.77,Centered,1,Rechargeable,Wireless,1.8,Virgin Grade PTFE,Mechanical,Huano Ice Berry Pink Dot,6,2,No,Notched Wheel,Yes,Yes
MCHOSE L7 Ultra,2024,7.0,9.5,7.7,9.9,MCHOSE,Matte,115.0,61.0,37.0,59.0,Shape Only,Yes,No,45.89,Centered,2,Rechargeable,Wireless,1.8,PTFE,Optical,Omron Opticals,6,2,No,Notched Wheel,Yes,Yes
Pulsar X2V2,2023,7.2,9.2,7.9,9.4,Pulsar,Matte,120.3,63.3,37.6,60.0,Shape Only,Yes,No,54.18,Centered,1,Rechargeable,Wireless,1.87,Virgin Grade PTFE,Optical,RAESHA Optical Switch,6,2,Yes,Notched Wheel,Yes,No
Endgame Gear OP1 8k v2,2025,6.4,9.6,7.9,9.8,Endgame Gear,Matte,118.0,61.0,37.0,56.0,Shape Only,Yes,No,46.57,Centered,Wired,No Batteries,Wired,1.8,Virgin Grade PTFE,Mechanical,Kailh GX,6,2,No,Notched Wheel,Yes,No
Logitech G705,2022,7.3,8.6,8.0,9.2,Logitech,Matte,105.9,64.8,39.7,61.0,No,No,Thumb,85.44,Centered,2,Rechargeable,Wireless,1.9,Virgin Grade PTFE,Mechanical,Not Specified,7,2,Yes,Notched Wheel,Yes,Yes
SteelSeries Aerox 3 Wireless (2022),2021,7.5,8.3,7.7,,SteelSeries,Matte,120.4,67.0,38.0,60.0,Shape Only,Yes,No,68.05,Centered,2,Rechargeable,Wireless,1.8,Virgin Grade PTFE,,,6,2,Yes,Notched Wheel,Yes,Yes
Razer Cobra Pro,2023,7.4,9.0,8.2,9.6,Razer,Matte,119.8,62.5,38.0,60.0,Shape Only,Yes,No,76.65,Back-heavy,2,Rechargeable,Wireless,1.85,Virgin Grade PTFE,Optical,Razer Optical Mouse Switch Gen 3,8,2,Yes,Notched Wheel,Yes,Yes
SteelSeries Rival 3 Wireless Gen 2,2025,7.4,8.4,8.0,9.1,SteelSeries,Matte,121.0,67.0,38.0,60.0,Shape Only,Yes,No,111.6,Back-heavy,2,2x AAA,Wireless,,Virgin Grade PTFE,Mechanical,Not Specified,6,2,Yes,Notched Wheel,Yes,Yes
Logitech G203 LIGHTSYNC,2020,6.4,8.7,7.9,9.5,Logitech,Matte,116.7,63.7,37.7,60.0,Shape Only,Yes,No,84.58,Centered,Wired,No Batteries,Wired,2.1,PTFE,Mechanical,Not Specified,6,2,No,Notched Wheel,Yes,Yes
SteelSeries Aerox 3 (2022),2021,6.9,8.3,7.7,,SteelSeries,Matte,120.4,67.0,38.0,60.0,Yes,No,No,87.4,Centered,,No Batteries,Wired,1.8,Virgin Grade PTFE,,,6,2,Yes,Notched Wheel,Yes,Yes
MCHOSE L7 Pro,2024,7.0,9.3,7.7,9.6,MCHOSE,Matte,115.0,60.7,36.5,59.0,Shape Only,Yes,No,40.69,Centered,2,Rechargeable,Wireless,1.8,PTFE,Optical,Omron Opticals,6,2,No,Notched Wheel,Yes,No
SteelSeries Rival 3 Gen 2,2025,6.5,8.7,7.9,9.1,SteelSeries,Matte,121.0,67.0,38.0,60.0,Shape Only,Yes,No,77.58,Centered,Wired,No Batteries,Wired,1.8,Virgin Grade PTFE,Mechanical,Not Specified,6,2,Yes,Notched Wheel,Yes,Yes
Vaxee XE Wireless,2023,6.2,8.9,6.7,9.6,Vaxee,Matte,125.0,66.0,39.0,61.0,Shape Only,Yes,No,76.26,Centered,1,Rechargeable,Wireless,2.0,Virgin Grade PTFE,Mechanical,Huano 70g,9,2,No,Notched Wheel,No,No
Vaxee XE v2 Wireless (4K),2025,7.2,9.4,7.9,9.7,Vaxee,Matte,125.0,66.0,39.0,61.0,Shape Only,Yes,No,59.7,Centered,1,Rechargeable,Wireless,2.0,Virgin Grade PTFE,Mechanical,Huano Transparent Blue Shell Pink Dot,6,2,No,Notched Wheel,Yes,Yes
Hitscan Hyperlight,2024,7.1,9.5,7.9,9.7,Hitscan,Matte,118.0,61.5,38.5,60.0,Shape Only,No,No,41.62,Centered,1,Rechargeable,Wireless,1.6,Virgin Grade PTFE,Optical,Omron Opticals,6,2,No,Notched Wheel,Yes,No
Razer Pro Click V2,2025,8.5,8.6,8.4,9.5,Razer,Matte,126.0,80.0,45.0,62.0,No,No,Thumb,106.72,Centered,4,Rechargeable,Wireless,1.2,PTFE,Mechanical,Not Specified,7,2,No,Notched Wheel + Free Wheel,Yes,Yes
Scyrox V8,2024,7.0,9.6,7.8,9.7,Scyrox,Matte,118.0,63.0,38.0,61.0,Shape Only,No,No,40.15,Centered,1,Rechargeable,Wireless,1.88,Virgin Grade PTFE,Optical,Omron Opticals,6,2,No,Notched Wheel,Yes,Yes
Pulsar X2H v3,2024,7.1,9.0,7.7,9,Pulsar,Matte,120.0,65.0,38.6,60.0,Shape Only,Yes,No,53.18,Centered,1,Rechargeable,Wireless,1.78,Virgin Grade PTFE,Optical,RAESHA Optical Switch,6,2,No,Notched Wheel,Yes,No
Pulsar TenZ Signature Edition,2025,7.2,9.4,8.0,9.6,Pulsar,Matte,120.0,64.5,40.0,55.7,Shape Only,Yes,No,47.8,Centered,1,Rechargeable,Wireless,1.8,Virgin Grade PTFE,Optical,Pulsar Optical Switch,6,2,Yes,Notched Wheel,Yes,No
Razer Cobra HyperSpeed,2025,7.6,9.3,8.4,9.6,Razer,Matte,120.0,63.0,38.0,60.0,Shape Only,Yes,No,61.69,Centered,2,Rechargeable,Wireless,1.3,Virgin Grade PTFE,Optical,Razer Optical Mouse Switch Gen 4,7,2,Yes,Notched Wheel,Yes,Yes
Razer Basilisk V3 Pro 35K,2024,8.6,8.4,8.7,9.3,Razer,Matte,129.9,75.4,42.3,62.0,No,No,Thumb,113.31,Front-heavy,2,Rechargeable,Wireless,1.9,Virgin Grade PTFE,Optical,Razer Optical Mouse Switch Gen 3,11,3,Yes,Notched Wheel + Free Wheel,Yes,Yes
Razer Pro Click V2 Vertical,2025,7.6,8.5,8.2,9.5,Razer,Matte,105.0,85.0,79.0,68.0,No,No,Thumb and Pinky,150.0,Back-heavy,4,Rechargeable,Wireless,1.2,PTFE,Mechanical,Not Specified,7,2,No,Notched Wheel,Yes,Yes
Razer Pro Click,2020,7.9,8.2,8.3,,Razer,Matte,127.0,80.0,49.0,62.0,No,No,Thumb,108.81,Front-heavy,2,Rechargeable,Wireless,1.87,PTFE,,,8,2,Yes,Notched Wheel,Yes,No
Pulsar X2,2022,7.2,9.0,7.8,9.3,Pulsar,Matte,120.3,63.3,37.9,60.0,Shape Only,Yes,No,55.57,Centered,1,Rechargeable,Wireless,1.85,Virgin Grade PTFE,Mechanical,Kailh GM 8.0,6,2,Yes,Notched Wheel,Yes,No
VGN Dragonfly F1 Pro Max,2023,7.1,9.0,7.7,9.2,VGN,Matte,121.4,63.5,37.8,60.0,Shape Only,Yes,No,54.8,Centered,1,Rechargeable,Wireless,1.85,Virgin Grade PTFE,Mechanical,Kailh GM8.0 Black Gold Mamba,6,2,No,Notched Wheel,Yes,No
Razer Viper V3 Pro,2024,7.3,9.5,8.3,9.8,Razer,Matte,127.0,64.0,40.0,63.0,Shape Only,Yes,No,53.78,Centered,1,Rechargeable,Wireless,1.9,Virgin Grade PTFE,Optical,Razer Optical Mouse Switch Gen 3,6,2,Yes,Notched Wheel,Yes,Yes
Ninjutso Sora V2,2024,7.1,9.4,7.7,9.5,Ninjutso,Matte,119.8,63.1,37.8,61.0,Shape Only,Yes,No,40.87,Centered,1,Rechargeable,Wireless,1.8,Virgin Grade PTFE,Optical,Omron D2FP-FN2,5,2,No,Notched Wheel,Yes,Yes
Pulsar X2 CrazyLight,2025,7.2,9.5,8.0,9.7,Pulsar,Matte,115.0,61.0,37.0,59.0,Shape Only,Yes,No,38.29,Centered,1,Rechargeable,Wireless,2.8,Virgin Grade PTFE,Optical,Pulsar Optical Switch,6,2,Yes,Notched Wheel,Yes,No
Scyrox V6,2024,7.1,9.6,7.9,9.8,Scyrox,Matte,119.3,61.4,40.3,59.0,Shape Only,Yes,No,43.78,Centered,1,Rechargeable,Wireless,1.8,Virgin Grade PTFE,Optical,Omron Opticals,6,2,No,Notched Wheel,Yes,Yes
BenQ ZOWIE EC2-DW,2025,6.5,8.9,6.7,9.3,BenQ,Matte,123.0,66.0,42.0,60.0,No,No,No,59.69,Centered,2,Rechargeable,Wireless,2.1,Virgin Grade PTFE,Mechanical,Not Specified,7,2,No,Notched Wheel,No,No
LAMZU Atlantis,2022,7.0,8.6,7.6,8.8,LAMZU,Matte,123.4,65.6,38.1,59.0,Shape Only,Yes,No,55.54,Centered,1,Rechargeable,Wireless,1.8,Virgin Grade PTFE,Mechanical,Huano Blue Shell Pink Dot,6,2,Yes,Notched Wheel,Yes,No
Vaxee XE-S Wireless (4K),2024,7.2,9.3,7.9,9.6,Vaxee,Matte,120.8,64.3,36.5,60.0,Shape Only,Left-Handed Version Available,No,60.76,Centered,1,Rechargeable,Wireless,2.08,Virgin Grade PTFE,Mechanical,Huano Black Shell Pink Dot,7,2,No,Notched Wheel,Yes,Yes
LAMZU THORN,2023,6.9,9.1,7.7,9.5,LAMZU,Matte,119.0,65.0,42.0,58.0,No,No,No,51.89,Centered,1,Rechargeable,Wireless,1.8,Virgin Grade PTFE,Optical,Not Specified,6,2,Yes,Notched Wheel,Yes,No
Logitech G PRO X SUPERLIGHT 2 DEX,2024,7.2,9.4,8.1,9.7,Logitech,Matte,125.9,67.2,43.6,61.0,No,No,No,58.4,Centered,1,Rechargeable,Wireless,1.9,Virgin Grade PTFE,Optical,LIGHTFORCE,5,2,Yes,Notched Wheel,Yes,Yes
Razer DeathAdder V4 Pro,2025,7.3,9.4,8.2,9.7,Razer,Matte,127.0,67.0,43.0,63.0,No,No,No,56.1,Centered,1,Rechargeable,Wireless,1.8,Virgin Grade PTFE,Optical,Razer Optical Mouse Switch Gen 4,6,2,Yes,Notched Wheel,Yes,Yes
HyperX Pulsefire Saga Pro,2025,7.3,8.7,7.5,9.3,HyperX,Matte,120.0,66.0,40.0,62.0,No,No,No,72.71,Centered,2,Rechargeable,Wireless,1.8,Virgin Grade PTFE,Optical,HyperX Optical Switches,6,2,No,Notched Wheel,Yes,No
Razer Naga Trinity,2018,6.8,8.3,9.2,9.4,Razer,Matte,120.0,72.0,43.0,68.0,No,No,Pinky,119.38,Centered,Wired,No Batteries,Wired,2.13,PTFE,Mechanical,Omron D2FC-F-K(50M),20,12,Yes,Notched Wheel,Yes,No
Logitech MX Master 2S,2017,9.0,7.2,7.3,6.5,Logitech,Matte,126.0,86.0,49.0,62.0,No,No,Thumb,149.84,Centered,3,Rechargeable,Wireless,1.22,PTFE,Mechanical,Not Specified,8,3,No,Notched Wheel + Free Wheel,Yes,Yes
Logitech MX Vertical,2018,7.3,7.3,7.1,6.6,Logitech,Matte,120.0,78.0,79.0,53.0,No,No,Thumb,127.49,Front-heavy,3,Rechargeable,Wireless,1.32,PTFE,Mechanical,Not Specified,7,3,No,Notched Wheel,Yes,Yes
Apple Magic Mouse 2,2015,5.8,5.7,3.9,4.3,Apple,Glossy,114.0,57.0,21.0,56.0,True Ambidextrous,Yes,No,98.79,Centered,1,Rechargeable,Wireless,1.0,Plastic,Mechanical,Not Specified,1,0,No,Tactile Surface,No,No
Microsoft Arc Mouse,2011,5.5,6.5,4.6,5.5,Microsoft,Matte,112.0,55.0,32.0,55.0,True Ambidextrous,Yes,No,85.73,Front-heavy,1,2x AAA,Wireless,,Plastic,Mechanical,Not Specified,2,0,No,Tactile Surface,Yes,No
Logitech G502 HERO,2019,7.6,7.8,8.5,8.7,Logitech,Matte,130.0,76.0,42.0,63.0,No,No,Thumb,120.72,Centered,Wired,No Batteries,Wired,2.03,PTFE,Mechanical,Omron D2FC-F-K,12,3,Yes,Notched Wheel + Free Wheel,Yes,Yes
Logitech G903 LIGHTSPEED,2017,8.2,8.2,8.6,9.3,Logitech,Matte,130.0,65.0,40.0,61.0,True Ambidextrous,Yes,No,110.98,Front-heavy,1,Rechargeable,Wireless,1.86,PTFE,Mechanical,Not Specified,13,4,Yes,Notched Wheel + Free Wheel,Yes,Yes
Logitech G Pro Wireless,2018,7.4,8.5,8.2,9.1,Logitech,Matte,126.0,63.0,40.0,61.0,True Ambidextrous,Yes,No,80.09,Back-heavy,1,Rechargeable,Wireless,1.86,PTFE,Mechanical,Omron D2FC-F-7N,8,4,Yes,Notched Wheel,Yes,Yes
GLORIOUS Model O,2019,5.8,8.7,7.4,9.1,GLORIOUS,Glossy,129.0,67.0,38.0,61.0,Shape Only,Yes,No,66.91,Centered,Wired,No Batteries,Wired,1.95,Virgin Grade PTFE,Mechanical,Omron D2FC-F-7N(20M)(OF),6,2,No,Notched Wheel,Yes,No
Logitech G305 LIGHTSPEED,2018,7.0,8.4,7.8,9.1,Logitech,Matte,116.0,63.0,38.0,61.0,Shape Only,Yes,No,101.72,Back-heavy,1,1x AA,Wireless,,PTFE,Mechanical,Omron D2FC-F-7N,6,2,Yes,Notched Wheel,Yes,Yes
Logitech MX Master 3,2019,9.0,7.5,7.4,6.9,Logitech,Matte,126.0,84.0,52.0,58.0,No,No,Thumb,142.29,Centered,3,Rechargeable,Wireless,1.34,PTFE,Mechanical,Not Specified,8,3,No,Notched Wheel + Free Wheel,Yes,Yes
Razer Viper Ultimate,2019,6.8,8.8,8.3,9.3,Razer,Matte,127.0,66.0,38.0,62.0,True Ambidextrous,Yes,No,74.92,Centered,1,Rechargeable,Wireless,1.83,Virgin Grade PTFE,Optical,Razer Optical Mouse Switch Gen 3,8,4,Yes,Notched Wheel,Yes,No
Logitech G604 LIGHTSPEED,2019,8.5,7.7,8.5,8.7,Logitech,Matte,129.0,79.0,45.0,61.0,No,No,Thumb,141.06,Centered,2,1x AA,Wireless,,PTFE,Mechanical,Not Specified,15,6,Yes,Notched Wheel + Free Wheel,Yes,Yes
Logitech G600 MMO Gaming,2012,6.9,8.1,9.2,9.1,Logitech,Matte,116.0,75.0,42.0,72.0,No,No,No,133.46,Centered,Wired,No Batteries,Wired,1.95,PTFE,Mechanical,Omron D2FC-F-7N(20M),20,12,Yes,Notched Wheel,Yes,Yes
Razer Basilisk Ultimate,2019,7.7,8.1,8.5,9,Razer,Matte,130.0,75.0,42.0,62.0,No,No,Thumb,106.2,Front-heavy,1,Rechargeable,Wireless,1.83,Virgin Grade PTFE,Optical,Razer Optical Mouse Switch Gen 2,11,3,Yes,Notched Wheel + Free Wheel,Yes,No
Razer Basilisk X Hyperspeed,2020,6.9,8.2,7.8,9,Razer,Matte,130.0,75.0,42.0,62.0,No,No,Thumb,111.02,Centered,2,1x AA,Wireless,,PTFE,Mechanical,Razer Mechanical Mouse Switch Gen 2,6,2,Yes,Notched Wheel,Yes,No
Logitech M510,2010,6.5,6.6,6.6,5.9,Logitech,Matte,126.0,70.0,46.0,60.0,Shape Only,No,Thumb,140.3,Back-heavy,1,2x AA,Wireless,,PTFE,Mechanical,Not Specified,7,2,No,Notched Wheel,Yes,Yes
Razer DeathAdder V2,2020,6.0,8.9,8.2,9.5,Razer,Matte,127.0,70.0,43.0,65.0,No,No,No,79.91,Centered,Wired,No Batteries,Wired,2.15,Virgin Grade PTFE,Optical,Razer Optical Mouse Switch Gen 2,8,2,Yes,Notched Wheel,Yes,No
Logitech Pebble M350,2019,5.9,7.5,4.7,6.4,Logitech,Matte,107.0,59.0,26.0,57.0,True Ambidextrous,Yes,No,81.61,Back-heavy,2,1x AA,Wireless,,Plastic,Mechanical,Not Specified,4,0,No,Notched Wheel,No,No
Logitech G502 LIGHTSPEED,2019,8.3,8.1,8.6,9.2,Logitech,Matte,130.0,74.0,41.0,63.0,No,No,Thumb,115.06,Centered,1,Rechargeable,Wireless,1.87,PTFE,Mechanical,Not Specified,12,3,Yes,Notched Wheel + Free Wheel,Yes,Yes
Razer Viper Mini,2020,6.1,8.9,7.9,9.1,Razer,Matte,117.0,61.0,39.0,60.0,Shape Only,Yes,No,58.74,Centered,Wired,No Batteries,Wired,1.86,Virgin Grade PTFE,Optical,Razer Optical Mouse Switch Gen 2,6,2,Yes,Notched Wheel,Yes,No
Logitech G703 LIGHTSPEED with HERO Sensor,2019,7.2,8.3,7.9,9.1,Logitech,Matte,125.0,65.0,43.0,62.0,No,No,No,105.32,Centered,1,Rechargeable,Wireless,1.9,PTFE,Mechanical,Not Specified,6,2,Yes,Notched Wheel,Yes,Yes
Corsair DARK CORE RGB PRO,2018,7.5,8.4,8.1,9.6,Corsair,Matte,127.0,81.0,43.0,54.0,No,No,Thumb and Pinky,132.14,Centered,2,Rechargeable,Wireless,1.8,PTFE,Mechanical,Omron D2FC-F-K,8,2,Yes,Notched Wheel,Yes,Yes
Logitech MX ERGO,2017,7.4,5.9,7.3,5.7,Logitech,Matte,133.0,100.0,60.0,62.0,No,No,Pinky,261.93,Centered,2,Rechargeable,Wireless,1.29,Plastic,Mechanical,Not Specified,9,1,No,Notched Wheel,Yes,Yes
Razer Naga Pro,2020,7.9,8.5,9.2,9.4,Razer,Matte,119.0,72.0,43.0,68.0,No,No,Pinky,116.72,Centered,2,Rechargeable,Wireless,1.8,Virgin Grade PTFE,Optical,Razer Optical Mouse Switch Gen 2,20,12,Yes,Notched Wheel,Yes,No
Razer DeathAdder V2 Pro,2020,7.4,8.6,8.1,9.3,Razer,Matte,128.0,70.0,43.0,65.0,No,No,No,88.03,Centered,2,Rechargeable,Wireless,1.85,Virgin Grade PTFE,Optical,Razer Optical Mouse Switch Gen 2,8,2,Yes,Notched Wheel,Yes,No
GLORIOUS Model O Wireless,2020,7.2,8.7,7.8,9,GLORIOUS,Matte,128.0,67.0,38.0,60.0,Shape Only,Yes,No,69.55,Centered,1,Rechargeable,Wireless,2.0,Virgin Grade PTFE,Mechanical,Omron D2FC-F-7N(20M)(OF),6,2,Yes,Notched Wheel,Yes,No
Cooler Master MM720,2020,5.6,8.8,7.7,9.2,Cooler Master,Glossy,105.0,76.5,37.5,61.0,No,No,No,52.24,Centered,Wired,No Batteries,Wired,1.8,Virgin Grade PTFE,Optical,LK Optical Micro Switch 70M,6,2,Yes,Notched Wheel,Yes,No
Logitech MX Anywhere 3,2020,8.0,7.2,6.8,6.5,Logitech,Matte,100.0,64.5,34.1,55.0,Shape Only,Yes,No,95.49,Centered,3,Rechargeable,Wireless,1.04,PTFE,Mechanical,Not Specified,7,2,No,Notched Wheel + Free Wheel,Yes,Yes
Logitech G PRO X SUPERLIGHT,2020,7.2,9.3,8.0,9.5,Logitech,Matte,126.0,63.0,40.0,61.0,Shape Only,Yes,No,61.12,Centered,1,Rechargeable,Wireless,1.8,Virgin Grade PTFE,Mechanical,Omron D2FC-F-7N (G1),5,2,Yes,Notched Wheel,Yes,Yes
HyperX Pulsefire Haste,2020,6.4,8.6,7.4,8.9,HyperX,Matte,124.4,66.9,38.1,62.0,Shape Only,Yes,No,59.68,Centered,Wired,No Batteries,Wired,1.9,Virgin Grade PTFE,Mechanical,TTC Gold,6,2,No,Notched Wheel,Yes,No
Razer Viper 8KHz,2021,6.1,9.2,8.4,9.7,Razer,Matte,127.0,66.0,38.0,62.0,True Ambidextrous,Yes,No,69.78,Centered,Wired,No Batteries,Wired,1.8,Virgin Grade PTFE,Optical,Razer Optical Mouse Switch Gen 2,8,4,Yes,Notched Wheel,Yes,No
Endgame Gear XM1r,2021,6.3,9.2,7.8,9.6,Endgame Gear,Glossy,122.0,66.0,38.0,61.0,Shape Only,Yes,No,68.64,Centered,Wired,No Batteries,Wired,1.9,Virgin Grade PTFE,Mechanical,Kailh GM 8.0,6,2,No,Notched Wheel,Yes,No
Logitech ERGO M575,2020,6.7,6.2,5.9,5.3,Logitech,Matte,135.2,98.9,45.5,66.0,No,No,Pinky,157.55,Centered,2,1x AA,Wireless,,Plastic,Mechanical,Not Specified,5,0,No,Notched Wheel,Yes,Yes
Logitech MX Master,2018,9.0,7.2,7.3,6.6,Logitech,Matte,126.0,86.0,49.0,61.0,No,No,Thumb,148.32,Centered,3,Rechargeable,Wireless,1.25,PTFE,Mechanical,Not Specified,8,3,No,Notched Wheel + Free Wheel,Yes,Yes
Corsair SCIMITAR RGB ELITE,2020,7.0,8.1,8.8,8.9,Corsair,Matte,119.3,76.1,42.0,65.0,No,No,Pinky,107.55,Centered,Wired,No Batteries,Wired,1.9,PTFE,Mechanical,Omron D2FC-F-K,17,12,Yes,Notched Wheel,Yes,Yes
ROCCAT Kone Pro,2021,6.7,9.3,8.3,9.6,ROCCAT,Matte,125.6,72.1,39.9,66.0,No,No,Thumb,62.22,Centered,Wired,No Batteries,Wired,1.8,Virgin Grade PTFE,Optical,TITAN Switch Optical,6,2,Yes,Notched Wheel,Yes,No
Razer Orochi V2,2021,6.9,8.7,7.9,9.1,Razer,Matte,107.0,62.3,38.0,57.0,No,Yes,No,84.43,Centered,2,1x AA or 1x AAA,Wireless,,Virgin Grade PTFE,Mechanical,Razer Mechanical Mouse Switch Gen 2,6,2,Yes,Notched Wheel,Yes,No
Finalmouse Starlight-12 Small,2021,6.5,8.8,6.5,9,Finalmouse,Matte,114.7,59.5,35.3,56.0,Shape Only,Yes,No,44.73,Centered,1,Rechargeable,Wireless,1.8,Virgin Grade PTFE,Mechanical,Omron D2FC-F-7N(20M),6,2,No,Notched Wheel,No,No
GLORIOUS Model D Wireless,2021,7.0,8.6,7.7,9,GLORIOUS,Matte,126.8,66.8,42.5,64.0,No,No,No,67.78,Centered,1,Rechargeable,Wireless,2.0,Virgin Grade PTFE,Mechanical,Glorious Switches Rated for 80M Clicks,6,2,Yes,Notched Wheel,Yes,No
Razer Basilisk V3,2021,7.0,8.6,8.7,9.5,Razer,Matte,130.0,75.0,42.0,62.0,No,No,Thumb,99.91,Front-heavy,Wired,No Batteries,Wired,1.89,Virgin Grade PTFE,Optical,Razer Optical Mouse Switch Gen 2,11,3,Yes,Notched Wheel + Free Wheel,Yes,No
Corsair M65 RGB ULTRA WIRELESS,2021,7.5,8.2,8.1,9.3,Corsair,Matte,116.0,78.0,39.0,64.0,No,No,Thumb,109.75,Centered,2,Rechargeable,Wireless,1.81,PTFE,Optical,Omron D2FP-FN,8,3,Yes,Notched Wheel,Yes,Yes
Razer Pro Click Mini,2021,8.2,8.7,8.3,9.2,Razer,Matte,100.0,62.7,34.4,53.0,Shape Only,Yes,No,119.38,Back-heavy,4,2x AA,Wireless,,PTFE,Mechanical,Not Specified,8,2,Yes,Notched Wheel + Free Wheel,Yes,No
Logitech G303 Shroud Edition,2021,7.2,9.0,8.2,9.5,Logitech,Matte,117.4,69.3,39.9,62.0,Shape Only,Yes,No,73.73,Back-heavy,1,Rechargeable,Wireless,1.85,Virgin Grade PTFE,Mechanical,Omron D2FC-F-7N (G1),6,2,Yes,Notched Wheel,Yes,Yes
Logitech Signature M650,2022,7.0,7.6,6.8,6.4,Logitech,Matte,107.0,60.5,38.2,52.0,Shape Only,Yes,No,99.19,Back-heavy,2,1x AA,Wireless,,PTFE,Mechanical,Not Specified,5,2,No,Notched Wheel,Yes,Yes
HyperX Pulsefire Haste Wireless,2022,7.1,8.2,7.2,8.4,HyperX,Matte,124.4,66.9,38.1,62.0,Shape Only,Yes,No,60.53,Centered,1,Rechargeable,Wireless,1.9,Virgin Grade PTFE,Mechanical,TTC Golden Micro Dustproof,6,2,No,Notched Wheel,Yes,No
GLORIOUS Model I,2022,6.4,8.7,8.0,9.1,GLORIOUS,Matte,128.0,74.4,42.3,62.0,No,No,Thumb,69.49,Centered,Wired,No Batteries,Wired,2.03,Virgin Grade PTFE,Mechanical,Glorious Switches Rated for 80M Clicks,9,4,Yes,Notched Wheel,Yes,No
SteelSeries Aerox 5 Wireless,2022,7.5,8.3,7.9,8.7,SteelSeries,Matte,129.3,68.2,42.1,62.0,No,No,No,73.94,Centered,2,Rechargeable,Wireless,2.04,Virgin Grade PTFE,Mechanical,Golden Micro IP54 Switch,9,5,Yes,Notched Wheel,Yes,Yes
SteelSeries Aerox 9 Wireless,2022,7.9,8.1,8.8,8.8,SteelSeries,Matte,129.0,69.4,42.2,65.0,No,No,No,88.65,Centered,2,Rechargeable,Wireless,2.02,Virgin Grade PTFE,Mechanical,Golden Micro IP54 Switch,18,12,Yes,Notched Wheel,Yes,Yes
Finalmouse Starlight-12 Poseidon Small,2022,6.8,9.2,6.9,9.3,Finalmouse,Matte,115.0,60.0,35.0,56.0,Shape Only,Yes,No,43.73,Centered,1,Rechargeable,Wireless,1.8,Virgin Grade PTFE,Mechanical,Kailh GM 8.0,6,2,No,Notched Wheel,No,No
Logitech Lift,2022,7.8,7.1,6.9,6.5,Logitech,Matte,107.9,71.4,70.3,41.0,No,Left-Handed Version Available,Thumb,133.38,Back-heavy,3,1x AA,Wireless,,PTFE,Mechanical,Not Specified,7,2,No,Notched Wheel + Free Wheel,Yes,Yes
Pulsar Xlite V2,2022,7.1,9.0,7.8,9.3,Pulsar,Matte,123.0,65.5,43.0,62.0,No,No,No,60.37,Centered,1,Rechargeable,Wireless,1.85,Virgin Grade PTFE,Mechanical,Kailh GM 8.0,5,2,Yes,Notched Wheel,Yes,No
Razer Viper V2 Pro,2022,7.2,9.3,8.1,9.6,Razer,Matte,127.0,66.3,38.0,62.0,Shape Only,Yes,No,58.48,Centered,1,Rechargeable,Wireless,1.85,Virgin Grade PTFE,Optical,Razer Optical Mouse Switch Gen 3,6,2,Yes,Notched Wheel,Yes,No
Corsair SABRE RGB PRO WIRELESS,2021,7.1,8.7,7.8,9.5,Corsair,Matte,129.0,69.0,42.0,63.0,No,No,No,78.65,Centered,2,Rechargeable,Wireless,1.8,PTFE,Mechanical,Omron D2FC-F-K(50M),7,2,Yes,Notched Wheel,Yes,Yes
Logitech MX Master 3S,2022,9.0,7.4,7.4,6.8,Logitech,Matte,126.0,84.0,52.0,58.0,No,No,Thumb,141.15,Centered,3,Rechargeable,Wireless,1.04,PTFE,Mechanical,Not Specified,8,3,No,Notched Wheel + Free Wheel,Yes,Yes
GLORIOUS Model O PRO,2022,6.9,8.8,7.7,9.1,GLORIOUS,Matte,127.67,66.9,38.0,60.0,Shape Only,Yes,No,56.53,Centered,1,Rechargeable,Wireless,2.07,Virgin Grade PTFE,Mechanical,Glorious Switches Rated for 80M Clicks,6,2,Yes,Notched Wheel,Yes,No
GLORIOUS Series One PRO,2022,6.9,8.9,7.6,9.1,GLORIOUS,Matte,118.6,62.2,38.6,57.0,Shape Only,Yes,No,50.6,Centered,1,Rechargeable,Wireless,2.05,Virgin Grade PTFE,Mechanical,Glorious Switches Rated for 80M Clicks,6,2,Yes,Notched Wheel,Yes,No
Finalmouse Starlight Pro - TenZ Medium,2022,6.8,9.0,6.8,9.1,Finalmouse,Matte,121.6,62.5,37.3,58.0,Shape Only,Yes,No,49.47,Centered,1,Rechargeable,Wireless,1.78,Virgin Grade PTFE,Optical,Kailh GM 8.0,6,2,No,Notched Wheel,No,No
Razer DeathAdder V3 Pro,2022,7.1,9.0,8.0,9.2,Razer,Matte,126.5,67.0,43.0,63.0,No,No,No,61.7,Centered,1,Rechargeable,Wireless,1.9,Virgin Grade PTFE,Optical,Razer Optical Mouse Switch Gen 3,6,2,Yes,Notched Wheel,Yes,Yes
Logitech G502 X PLUS,2022,8.3,8.5,8.8,9.4,Logitech,Matte,130.0,78.0,41.0,62.0,No,No,Thumb,103.68,Centered,1,Rechargeable,Wireless,1.86,Virgin Grade PTFE,Optical,LIGHTFORCE,12,3,Yes,Notched Wheel + Free Wheel,Yes,Yes
Logitech G502 X,2022,7.6,8.7,8.7,9.3,Logitech,Matte,129.9,78.0,41.2,62.0,No,No,Thumb,83.7,Centered,Wired,No Batteries,Wired,1.77,Virgin Grade PTFE,Optical,LIGHTFORCE,12,3,Yes,Notched Wheel + Free Wheel,Yes,Yes
Fantech Aria XD7,2022,7.3,8.7,7.7,9,Fantech,Matte,113.1,63.98,38.39,61.0,No,Yes,No,60.37,Centered,2,Rechargeable,Wireless,1.8,Virgin Grade PTFE,Mechanical,Kailh GM 8.0,7,2,Yes,Notched Wheel,Yes,No
Razer Naga V2 Pro,2022,8.8,8.3,9.2,9.3,Razer,Matte,119.0,72.0,43.0,68.0,No,No,Pinky,133.14,Centered,2,Rechargeable,Wireless,1.86,Virgin Grade PTFE,Optical,Razer Optical Mouse Switch Gen 3,20,12,Yes,Notched Wheel + Free Wheel,Yes,Yes
Razer Naga V2 HyperSpeed,2022,8.8,8.4,9.1,9.2,Razer,Matte,119.0,72.0,43.0,68.0,No,No,Pinky,122.28,Centered,2,1x AA,Wireless,,Virgin Grade PTFE,Mechanical,Razer Mechanical Mouse Switch Gen 2,20,12,Yes,Notched Wheel + Free Wheel,Yes,No
Ninjutso Sora,2022,6.9,9.1,7.6,9.3,Ninjutso,Matte,120.8,65.3,37.4,59.0,Shape Only,Yes,No,47.0,Centered,1,Rechargeable,Wireless,1.93,Virgin Grade PTFE,Mechanical,Huano Pink Dot,6,2,No,Notched Wheel,Yes,No
Keychron M3,2023,7.2,8.4,7.5,9,Keychron,Matte,125.3,68.0,40.6,60.0,Shape Only,Yes,No,78.76,Centered,2,Rechargeable,Wireless,1.84,PTFE,Mechanical,Kailh GM 8.0,8,2,No,Notched Wheel,Yes,No
Razer DeathAdder V3,2023,6.4,9.3,8.1,9.6,Razer,Matte,126.5,67.0,43.0,63.0,No,No,No,55.96,Centered,Wired,No Batteries,Wired,1.88,Virgin Grade PTFE,Optical,Razer Optical Mouse Switch Gen 3,6,2,Yes,Notched Wheel,Yes,No
GLORIOUS Model I 2 Wireless,2023,7.5,8.5,8.0,9.1,GLORIOUS,Matte,129.1,71.5,42.0,62.0,No,No,Thumb,73.11,Centered,2,Rechargeable,Wireless,2.0,Virgin Grade PTFE,Mechanical,Glorious Switches Rated for 80M Clicks,9,4,Yes,Notched Wheel,Yes,No
GLORIOUS Model O 2 Wireless,2023,7.1,8.5,7.4,9.1,GLORIOUS,Matte,127.0,66.7,38.0,60.0,Shape Only,Yes,No,68.18,Centered,2,Rechargeable,Wireless,1.98,Virgin Grade PTFE,Mechanical,Glorious Switches Rated for 80M Clicks,6,2,Yes,Notched Wheel,Yes,No
Pwnage StormBreaker,2023,7.0,9.4,7.7,9.6,Pwnage,Matte,122.0,63.7,42.0,60.0,No,No,No,51.83,Centered,1,Rechargeable,Wireless,1.8,Virgin Grade PTFE,Mechanical,Omron D2FC-F-7N(20M)(OF),5,2,No,Notched Wheel,Yes,No
Razer Basilisk V3 X HyperSpeed,2023,7.5,8.3,8.2,9,Razer,Matte,130.0,75.0,42.0,62.0,No,No,Thumb,113.76,Back-heavy,2,1x AA,Wireless,,Virgin Grade PTFE,Mechanical,Razer Mechanical Mouse Switch Gen 2,7,3,Yes,Notched Wheel,Yes,No
HyperX Pulsefire Haste 2,2023,6.2,9.1,7.5,9.4,HyperX,Matte,124.4,66.7,38.1,62.0,Shape Only,Yes,No,52.61,Centered,Wired,No Batteries,Wired,1.78,Virgin Grade PTFE,Mechanical,HyperX Switch,6,2,No,Notched Wheel,Yes,No
ASUS ROG Harpe Ace Aim Lab Edition,2023,7.2,9.3,7.8,9.6,ASUS,Matte,127.5,63.8,39.6,58.0,Shape Only,Yes,No,54.78,Centered,2,Rechargeable,Wireless,2.04,Virgin Grade PTFE,Mechanical,ROG 70M Mechanical Switch,7,2,No,Notched Wheel,Yes,No
HyperX Pulsefire Haste 2 Wireless,2023,7.2,8.5,7.4,8.8,HyperX,Matte,124.4,66.7,38.1,62.0,Shape Only,Yes,No,60.33,Centered,2,Rechargeable,Wireless,1.81,Virgin Grade PTFE,Mechanical,HyperX Switch,6,2,No,Notched Wheel,Yes,No
GLORIOUS Model O 2,2023,6.5,9.1,8.0,9.4,GLORIOUS,Matte,127.0,66.7,38.0,60.0,Shape Only,Yes,No,59.4,Centered,Wired,No Batteries,Wired,2.0,Virgin Grade PTFE,Mechanical,Glorious Switches Rated for 80M Clicks,6,2,Yes,Notched Wheel,Yes,No
Razer Viper Mini Signature Edition,2023,7.4,9.6,8.4,9.8,Razer,Matte,118.4,61.6,39.0,60.0,Shape Only,Yes,No,48.25,Front-heavy,1,Rechargeable,Wireless,1.89,Virgin Grade PTFE,Optical,Razer Optical Mouse Switch Gen 3,6,2,Yes,Notched Wheel,Yes,No
BenQ ZOWIE EC2-CW,2023,6.5,8.4,6.5,9.2,BenQ,Matte,123.0,65.8,42.2,60.0,No,No,No,77.51,Centered,1,Rechargeable,Wireless,2.09,PTFE,Mechanical,Not Specified,7,2,No,Notched Wheel,No,No
Keychron M1 Wireless,2023,7.2,8.4,7.7,9.1,Keychron,Matte,130.0,66.7,38.3,63.0,True Ambidextrous,Yes,No,79.0,Centered,2,Rechargeable,Wireless,1.82,PTFE,Mechanical,Kailh GM 8.0,8,4,No,Notched Wheel,Yes,No
Endgame Gear XM2we,2022,7.2,9.0,7.8,9.3,Endgame Gear,Matte,122.0,66.0,38.0,61.0,Shape Only,Yes,No,62.8,Centered,1,Rechargeable,Wireless,1.8,Virgin Grade PTFE,Optical,Kailh GO,6,2,Yes,Notched Wheel,Yes,No
Logitech MX Anywhere 3S,2023,7.8,7.6,7.0,6.9,Logitech,Matte,100.0,64.7,34.0,55.0,Shape Only,Yes,No,93.68,Centered,3,Rechargeable,Wireless,1.04,PTFE,Mechanical,Not Specified,7,2,No,Notched Wheel + Free Wheel,Yes,Yes
Corsair DARKSTAR WIRELESS,2023,7.6,8.6,8.8,9.5,Corsair,Matte,129.5,67.8,42.5,63.0,No,No,No,98.28,Centered,2,Rechargeable,Wireless,1.8,Virgin Grade PTFE,Optical,Not Specified,15,6,Yes,Notched Wheel,Yes,Yes
Razer Cobra,2023,6.2,8.9,7.9,9.2,Razer,Matte,119.8,62.5,38.0,60.0,Shape Only,Yes,No,57.32,Centered,Wired,No Batteries,Wired,1.86,Virgin Grade PTFE,Optical,Razer Optical Mouse Switch Gen 3,6,2,Yes,Notched Wheel,Yes,No
Vaxee XE,2022,5.3,8.6,6.4,9.3,Vaxee,Matte,124.5,66.2,39.0,61.0,Shape Only,Yes,No,67.13,Centered,Wired,No Batteries,Wired,2.02,Virgin Grade PTFE,Mechanical,Huano 70g,9,2,No,Notched Wheel,No,No
Keychron M3 Mini,2023,7.2,8.8,7.6,9.1,Keychron,Matte,120.0,65.2,38.8,59.0,Shape Only,Yes,No,57.08,Centered,2,Rechargeable,Wireless,1.82,PTFE,Mechanical,Huano Blue Shell Pink Dot,7,2,No,Notched Wheel,Yes,Yes
Corsair NIGHTSABRE WIRELESS,2023,7.4,8.6,8.5,9.6,Corsair,Matte,130.0,63.0,41.0,57.0,Shape Only,Yes,No,96.85,Centered,2,Rechargeable,Wireless,1.8,Virgin Grade PTFE,Optical,Omron D2FC-F-K,11,2,Yes,Notched Wheel,Yes,Yes
Finalmouse UltralightX,2023,6.3,9.4,6.8,9.6,Finalmouse,Matte,122.0,63.0,37.0,58.0,Shape Only,Yes,No,38.0,Centered,1,Rechargeable,Wireless,1.76,Virgin Grade PTFE,Mechanical,Omron D2FC-F-7N(20M),5,2,No,Notched Wheel,Yes,Yes
Corsair SCIMITAR ELITE WIRELESS,2023,7.7,8.4,8.7,9.5,Corsair,Matte,119.3,73.0,42.0,71.0,No,No,Pinky,113.0,Centered,2,Rechargeable,Wireless,1.81,PTFE,Optical,TTC Optical,17,12,Yes,Notched Wheel,Yes,Yes
Logitech G PRO X SUPERLIGHT 2,2023,7.0,9.4,8.1,9.8,Logitech,Matte,126.0,63.0,40.0,61.0,Shape Only,Yes,No,59.4,Centered,1,Rechargeable,Wireless,1.89,Virgin Grade PTFE,Optical,Omron D2FP-FH1,5,2,Yes,Notched Wheel,Yes,Yes
Razer Viper V3 HyperSpeed,2023,7.2,9.2,8.2,9.6,Razer,Matte,126.6,64.1,39.7,63.0,Shape Only,Yes,No,88.39,Centered,1,1x AA,Wireless,,Virgin Grade PTFE,Mechanical,Razer Mechanical Mouse Switch Gen 2,6,2,Yes,Notched Wheel,Yes,No
LAMZU Atlantis Mini 4K,2023,7.0,9.3,7.9,9.6,LAMZU,Matte,116.5,63.4,37.2,58.0,Shape Only,Yes,No,50.81,Centered,1,Rechargeable,Wireless,1.88,Virgin Grade PTFE,Mechanical,Huano Transparent Blue Pink Dot,6,2,Yes,Notched Wheel,Yes,No
Corsair M75 AIR,2023,7.2,9.1,7.8,9.4,Corsair,Matte,128.1,65.1,41.6,60.0,Shape Only,Yes,No,60.45,Centered,2,Rechargeable,Wireless,1.8,Virgin Grade PTFE,Optical,TTC Optical,6,2,Yes,Notched Wheel,Yes,Yes
WLmouse Beast X,2023,7.0,9.5,7.8,9.6,WLmouse,Matte,121.6,62.0,36.7,57.0,Shape Only,Yes,No,39.44,Centered,1,Rechargeable,Wireless,1.8,Virgin Grade PTFE,Optical,Omron D2FP-FN2,5,2,No,Notched Wheel,Yes,Yes
Pulsar Xlite V3,2023,7.2,9.1,8.0,9.3,Pulsar,Matte,122.3,65.8,43.0,62.0,No,No,No,55.78,Centered,1,Rechargeable,Wireless,1.9,Virgin Grade PTFE,Optical,RAESHA Optical Switch,6,2,Yes,Notched Wheel,Yes,No
LAMZU MAYA,2023,7.2,9.2,7.9,9.3,LAMZU,Matte,118.0,62.0,38.0,59.0,Shape Only,Yes,No,46.4,Centered,1,Rechargeable,Wireless,1.89,Virgin Grade PTFE,Mechanical,Huano Blue Shell Pink Dot,6,2,Yes,Notched Wheel,Yes,No
BenQ ZOWIE U2,2024,6.6,8.6,6.7,8.9,BenQ,Matte,122.9,63.9,38.5,56.0,Shape Only,Yes,No,61.2,Centered,2,Rechargeable,Wireless,2.15,PTFE,Mechanical,Huano Transparent Blue Pink Dot,7,2,No,Notched Wheel,No,No
Logitech Pebble Mouse 2 M350s,2023,5.9,7.2,5.1,5.8,Logitech,Matte,106.8,58.7,27.0,58.0,True Ambidextrous,Yes,No,80.35,Back-heavy,3,1x AA,Wireless,,Plastic,Mechanical,Not Specified,4,0,No,Notched Wheel,Yes,Yes
3Dconnexion CadMouse Pro Wireless,2022,7.0,6.9,6.9,7.8,3Dconnexion,Matte,124.6,73.0,43.6,64.0,No,Left-Handed Version Available,Thumb and Ring finger,140.35,Centered,2,Rechargeable,Wireless,1.5,PTFE,Mechanical,Not Specified,9,2,No,Notched Wheel,Yes,Yes
Endgame Gear OP1 8k,2024,6.4,9.5,7.9,9.7,Endgame Gear,Matte,118.0,60.6,37.0,56.0,Shape Only,Yes,No,49.4,Centered,Wired,No Batteries,Wired,1.87,Virgin Grade PTFE,Mechanical,Kailh GX,6,2,No,Notched Wheel,Yes,No
Endgame Gear OP1we,2023,7.2,8.8,7.7,9.1,Endgame Gear,Matte,118.0,61.0,37.0,56.0,Shape Only,Yes,No,57.8,Centered,1,Rechargeable,Wireless,1.9,Virgin Grade PTFE,Optical,Kailh GO,6,2,Yes,Notched Wheel,Yes,No
Finalmouse ULX Pro Series,2024,6.3,9.4,6.7,9.6,Finalmouse,Matte,115.5,60.0,35.3,56.0,Shape Only,Yes,No,35.93,Centered,1,Rechargeable,Wireless,1.76,Virgin Grade PTFE,Mechanical,Huano Blue Shell Pink Dot,5,2,No,Notched Wheel,Yes,Yes
ASUS ROG Keris II Ace,2024,7.0,9.5,8.1,9.8,ASUS,Matte,121.0,67.0,41.9,62.0,No,No,No,54.4,Centered,4,Rechargeable,Wireless,2.1,Virgin Grade PTFE,Optical,ROG 100M Optical Micro Switch,7,2,Yes,Notched Wheel,Yes,No
GLORIOUS Model D 2 Wireless,2024,7.3,8.2,7.3,8.7,GLORIOUS,Matte,127.0,66.8,44.1,60.4,No,No,No,66.76,Centered,2,Rechargeable,Wireless,2.0,Virgin Grade PTFE,Mechanical,Glorious Switches Rated for 80M Clicks,6,2,Yes,Notched Wheel,Yes,No
Kensington SlimBlade Pro Trackball,2022,7.0,5.1,6.5,5.2,Kensington,Glossy,152.0,133.0,58.0,,True Ambidextrous,Yes,No,287.69,Front-heavy,2,Rechargeable,Wireless,1.5,Rubber,Mechanical,Not Specified,5,2,No,Free Wheel,Yes,Yes
Ploopy Adept Trackball,2023,5.9,6.8,7.4,9.3,Ploopy,Matte,116.3,100.2,59.2,,True Ambidextrous,Yes,No,230.78,Front-heavy,Wired,No Batteries,Wired,,Cork,Mechanical,Omron D2LS-21,6,2,Yes,Free Wheel,Yes,Yes
GLORIOUS Model D 2,2024,6.2,8.9,7.7,9.3,GLORIOUS,Matte,127.0,66.5,44.0,60.4,No,No,No,57.17,Centered,Wired,No Batteries,Wired,2.0,Virgin Grade PTFE,Mechanical,Glorious Switches Rated for 80M Clicks,6,2,Yes,Notched Wheel,Yes,No
Razer DeathAdder V3 HyperSpeed,2024,7.3,9.3,8.2,9.5,Razer,Matte,121.0,64.0,40.7,60.63,No,No,No,53.52,Centered,1,Rechargeable,Wireless,1.2,Virgin Grade PTFE,Optical,Razer Optical Mouse Switch Gen 3,6,2,Yes,Notched Wheel,Yes,No
Vaxee ZYGEN NP-01S Wireless (4K),2023,6.6,9.0,6.9,9.4,Vaxee,Matte,119.0,62.8,37.0,57.0,No,No,No,68.6,Back-heavy,1,Rechargeable,Wireless,2.07,Virgin Grade PTFE,Mechanical,Huano Black Shell Pink Dot,8,2,No,Notched Wheel,No,No
Logitech G309 LIGHTSPEED,2024,7.3,8.7,7.9,9,Logitech,Matte,118.8,61.6,36.7,62.0,Shape Only,Yes,No,87.14,Back-heavy,2,1x AA,Wireless,,Virgin Grade PTFE,Optical,Omron D2FP-FH1,7,2,Yes,Notched Wheel,Yes,Yes
Keychron M7,2024,7.3,8.5,7.6,8.8,Keychron,Matte,127.4,76.3,41.0,59.0,No,No,Thumb,64.04,Centered,2,Rechargeable,Wireless,1.8,PTFE,Mechanical,Huano 80M Micro Switch,8,3,No,Notched Wheel,Yes,Yes
Logitech M340,2024,5.8,7.3,5.2,5.9,Logitech,Matte,107.0,59.0,27.0,58.0,True Ambidextrous,Yes,No,81.4,Back-heavy,1,1x AA,Wireless,,Plastic,Mechanical,Not Specified,3,0,No,Notched Wheel,Yes,Yes
WLmouse Beast X Max,2024,7.0,9.4,7.8,9.5,WLmouse,Matte,125.6,64.9,39.4,60.0,Shape Only,Yes,No,44.11,Centered,1,Rechargeable,Wireless,1.7,Virgin Grade PTFE,Optical,Omron Opticals,5,2,No,Notched Wheel,Yes,No
Logitech G PRO 2 LIGHTSPEED,2024,7.2,8.6,8.2,9.2,Logitech,Matte,125.7,63.4,40.0,60.0,True Ambidextrous,Yes,No,77.52,Centered,1,Rechargeable,Wireless,1.9,PTFE,Optical,LIGHTFORCE,8,4,Yes,Notched Wheel,Yes,Yes
Finalmouse UltralightX Competition,2024,6.1,9.3,6.6,9.5,Finalmouse,Matte,121.0,62.6,37.0,57.0,Shape Only,Yes,No,37.85,Centered,1,Rechargeable,Wireless,1.72,Virgin Grade PTFE,Mechanical,Huano Blue Shell Pink Dot,5,2,No,Notched Wheel,Yes,Yes
Endgame Gear XM2 8k,2024,6.4,9.5,8.0,9.8,Endgame Gear,Matte,122.0,66.3,38.2,61.0,Shape Only,Yes,No,52.47,Centered,Wired,No Batteries,Wired,1.85,Virgin Grade PTFE,Mechanical,Kailh GX,6,2,No,Notched Wheel,Yes,No
LAMZU MAYA X,2024,6.6,9.3,7.8,9.4,LAMZU,Matte,125.4,64.8,39.4,61.0,Shape Only,Yes,No,46.2,Centered,1,Rechargeable,Wireless,1.8,Virgin Grade PTFE,Optical,Omron Opticals,6,2,No,Notched Wheel,Yes,No
Endgame Gear XM2w 4k,2024,7.1,9.3,7.9,9.7,Endgame Gear,Matte,122.0,66.0,38.0,61.0,Shape Only,Yes,No,61.62,Centered,1,Rechargeable,Wireless,1.8,Virgin Grade PTFE,Mechanical,Kailh GX,6,2,No,Notched Wheel,Yes,No
Fnatic x LAMZU MAYA 8K,2024,6.6,9.2,7.8,9.3,Fnatic,Matte,118.0,62.0,38.0,59.0,Shape Only,Yes,No,46.46,Centered,1,Rechargeable,Wireless,1.8,Virgin Grade PTFE,Optical,Omron Opticals,6,2,No,Notched Wheel,Yes,No
Pulsar X3,2024,7.1,9.1,7.8,9.3,Pulsar,Matte,125.0,67.7,46.2,64.1,Shape Only,Left-Handed Version Available,No,54.37,Centered,1,Rechargeable,Wireless,1.9,Virgin Grade PTFE,Optical,KAILH Optical Switch,6,2,No,Notched Wheel,Yes,No
WLmouse Strider,2025,7.0,9.4,7.8,9.6,WLmouse,Matte,121.8,66.0,37.8,61.0,Shape Only,Yes,No,46.76,Centered,1,Rechargeable,Wireless,1.8,Virgin Grade PTFE,Optical,Omron Opticals,5,2,No,Notched Wheel,Yes,No
Pwnage Trinity CF,2025,7.0,9.4,7.8,9.5,Pwnage,Matte,118.6,60.7,39.0,57.0,Shape Only,Yes,No,40.27,Centered,1,Rechargeable,Wireless,1.77,Virgin Grade PTFE,Optical,Omron Opticals,5,2,No,Notched Wheel,Yes,Yes
ATTACK SHARK X3,2023,7.0,8.2,6.9,8.4,ATTACK SHARK,Matte,118.3,60.6,39.7,60.0,Shape Only,Yes,No,54.27,Centered,3,Rechargeable,Wireless,1.65,Virgin Grade PTFE,Optical,Kailh GM8.0 Black Gold Mamba,7,2,No,Notched Wheel,Yes,No
LAMZU Inca,2025,7.1,9.3,7.7,9.4,LAMZU,Matte,120.0,63.1,39.9,54.1,Shape Only,Yes,No,43.4,Centered,1,Rechargeable,Wireless,1.8,Virgin Grade PTFE,Optical,Omron Opticals,6,2,No,Notched Wheel,Yes,Yes
Keychron M5,2025,7.8,8.5,7.8,9.4,Keychron,Matte,117.0,86.6,72.4,59.7,No,No,Thumb and Pinky,98.08,Back-heavy,4,Rechargeable,Wireless,1.8,Virgin Grade PTFE,Mechanical,Huano Transparent Blue Shell Pink Dot,7,2,No,Notched Wheel,Yes,Yes
BenQ ZOWIE EC2,2019,5.7,7.3,6.3,,BenQ,Matte,123.2,66.0,42.5,60.0,No,No,No,94.0,Centered,,No Batteries,Wired,2.11,PTFE,,,7,2,No,Notched Wheel,No,No
Anker Wireless Vertical Mouse,2013,7.1,6.0,5.2,,Anker,Matte,124.0,62.0,76.0,46.0,No,No,Thumb,112.52,Back-heavy,1,2x AAA,Wireless,,PTFE,,,6,2,No,Notched Wheel,No,No
Logitech G602,2013,7.0,7.4,7.8,8,Logitech,Matte,135.0,82.0,43.0,61.0,No,No,Thumb,151.34,Centered,1,2x AA,Wireless,,PTFE,,,12,6,Yes,Notched Wheel,Yes,Yes
Logitech M240,2023,6.2,7.4,5.4,5.7,Logitech,Matte,98.5,60.0,38.0,53.0,True Ambidextrous,Yes,No,77.5,Centered,1,1x AA,Wireless,,PTFE,Mechanical,Not Specified,4,0,No,Notched Wheel,Yes,Yes
BenQ ZOWIE EC1,2019,6.1,7.7,5.8,,BenQ,Matte,129.1,69.7,42.5,67.0,No,No,No,92.01,Centered,Wired,No Batteries,Wired,2.1,PTFE,,,7,2,No,Notched Wheel,No,No
GameBall Mouse,2021,6.0,5.1,5.5,6.9,GameBall,Matte,161.3,118.6,50.3,64.0,True Ambidextrous,Yes,No,191.72,Front-heavy,Wired,No Batteries,Wired,2.0,Rubber,,,8,6,No,Tactile Surface,No,No
ELECOM HUGE M-HT1DRBK,2017,7.9,4.0,6.8,,ELECOM,Matte,182.0,114.4,60.0,85.0,No,No,Thumb and Pinky,315.64,Front-heavy,,2x AA,Wireless,,Rubber,,,10,6,No,Notched Wheel,Yes,Yes
Kensington SlimBlade Trackball,2006,6.8,5.2,4.8,,Kensington,Glossy,152.0,133.0,57.5,,Yes,No,No,294.26,Front-heavy,,No Batteries,Wired,1.5,Rubber,,,4,0,No,Free Wheel,Yes,Yes
ROCCAT Kone XP Air,2022,7.7,8.2,8.5,,ROCCAT,Matte,125.6,74.5,39.9,61.0,No,No,Thumb,97.63,Centered,2,Rechargeable,Wireless,1.8,Virgin Grade PTFE,,,14,5,Yes,Notched Wheel,Yes,No
ROCCAT Burst Pro Air,2022,8.2,8.3,7.8,,ROCCAT,Matte,120.0,67.0,39.0,60.0,Yes,No,No,80.82,Centered,,Rechargeable,Wireless,1.79,Virgin Grade PTFE,,,7,2,Yes,Notched Wheel,Yes,No
Logitech MX Anywhere 2S,2017,7.4,7.4,7.3,6.9,Logitech,Matte,100.0,61.36,33.7,54.0,Shape Only,No,No,104.45,Back-heavy,3,Rechargeable,Wireless,0.69,PTFE,,,8,2,No,Notched Wheel + Free Wheel,Yes,Yes
Cooler Master MM710,2019,6.5,8.2,7.7,,Cooler Master,Matte,115.0,63.0,39.0,61.0,Yes,No,No,53.85,Centered,,No Batteries,Wired,1.93,Virgin Grade PTFE,,,6,2,Yes,Notched Wheel,Yes,No
Finalmouse Starlight-12 Medium,2021,7.2,8.8,6.7,,Finalmouse,Matte,121.6,62.6,36.9,58.0,Yes,No,No,49.42,Centered,,Rechargeable,Wireless,1.8,Virgin Grade PTFE,,,6,2,No,Notched Wheel,No,No
Swiftpoint Z,2017,6.8,7.1,7.7,,Swiftpoint,Matte,129.8,94.6,43.3,63.0,No,No,Thumb and Ring finger,159.56,Back-heavy,,No Batteries,Wired,1.9,PTFE,,,13,2,Yes,Notched Wheel,Yes,No
Corsair IRONCLAW RGB Wireless,2020,8.0,8.2,8.1,,Corsair,Matte,126.0,80.0,47.0,64.0,No,No,Thumb,131.44,Centered,,Rechargeable,Wireless,1.8,PTFE,,,10,3,Yes,Notched Wheel,Yes,Yes
Razer Basilisk V2,2020,7.5,8.5,8.4,,Razer,Matte,130.0,75.0,42.0,62.0,No,No,Thumb,93.39,Front-heavy,,No Batteries,Wired,2.12,Virgin Grade PTFE,,,11,3,Yes,Notched Wheel + Free Wheel,Yes,No
GLORIOUS Model O- Wireless,2021,7.7,8.7,7.9,,GLORIOUS,Matte,120.0,63.0,35.0,58.0,Yes,No,No,64.23,Centered,,Rechargeable,Wireless,2.0,Virgin Grade PTFE,,,6,2,Yes,Notched Wheel,Yes,No
BenQ ZOWIE S2,2019,6.0,7.7,6.5,,BenQ,Matte,122.0,66.0,39.0,60.0,Yes,No,No,83.98,Centered,,No Batteries,Wired,2.1,PTFE,,,7,2,No,Notched Wheel,No,No
Vaxee ZYGEN NP-01S,2021,6.0,8.0,6.2,,Vaxee,Matte,119.9,63.2,37.0,60.0,No,No,No,112.93,Centered,,No Batteries,Wired,2.01,Virgin Grade PTFE,,,8,2,No,Notched Wheel,No,No
Razer Viper,2019,6.5,8.8,8.1,,Razer,Matte,127.0,66.0,38.0,62.0,True Ambidextrous,Yes,No,69.55,Centered,Wired,No Batteries,Wired,2.2,PTFE,,,8,4,Yes,Notched Wheel,Yes,No
Microsoft Pro IntelliMouse,2019,7.1,7.6,7.2,,Microsoft,Matte,132.1,68.9,42.4,66.0,No,No,No,131.2,Centered,,No Batteries,Wired,1.85,PTFE,,,5,2,No,Notched Wheel,Yes,No
ROCCAT Tyon,2014,7.1,7.0,7.8,,ROCCAT,Matte,129.0,82.0,46.0,65.0,No,No,Thumb,159.0,Centered,,No Batteries,Wired,1.8,PTFE,,,14,5,Yes,Notched Wheel,Yes,No
Corsair SABRE RGB PRO,2021,6.7,9.0,8.0,9.6,Corsair,Matte,129.0,69.2,42.4,63.0,No,No,No,71.19,Centered,Wired,No Batteries,Wired,2.1,PTFE,,,6,2,Yes,Notched Wheel,Yes,Yes
BenQ ZOWIE EC1-C,2021,6.3,8.0,6.3,,BenQ,Matte,130.0,70.0,43.2,67.0,No,No,No,125.46,Centered,,No Batteries,Wired,2.1,PTFE,,,7,2,No,Notched Wheel,No,No
Pulsar Xlite,2021,7.4,8.8,7.4,,Pulsar,Matte,123.7,65.9,42.1,62.0,No,No,No,42.61,Centered,,No Batteries,Wired,1.85,Virgin Grade PTFE,,,5,2,No,Notched Wheel,Yes,No
SteelSeries Aerox 3 Wireless,2020,6.4,8.2,7.3,8.6,SteelSeries,Matte,121.0,67.0,38.0,60.0,Shape Only,Yes,No,67.69,Centered,2,Rechargeable,Wireless,1.9,PTFE,,,6,2,Yes,Notched Wheel,Yes,Yes
ASUS ROG Chakram,2020,8.3,8.1,7.8,,ASUS,Matte,132.7,76.6,42.4,62.0,No,No,Thumb,125.75,Centered,,Rechargeable,Wireless,1.9,PTFE,,,11,6,No,Notched Wheel,Yes,No
Logitech Precision Pro,2016,8.5,6.6,7.0,,Logitech,Matte,110.0,75.0,44.0,60.0,No,No,Thumb,134.63,Centered,,1x AA,Wireless,,PTFE,,,10,4,No,Notched Wheel + Free Wheel,Yes,Yes
Keychron M1,2021,6.8,8.3,7.6,,Keychron,Matte,130.0,66.7,37.9,63.0,Yes,No,No,101.12,Centered,,No Batteries,Wired,1.83,PTFE,,,9,4,No,Notched Wheel,Yes,Yes
SteelSeries Rival 650,2018,7.6,8.0,8.1,,SteelSeries,Matte,132.0,69.0,44.0,64.0,No,No,No,120.68,Centered,2,Rechargeable,Wireless,2.1,PTFE,,,7,3,Yes,Notched Wheel,Yes,Yes
Logitech Marathon Mouse M705,2018,7.6,6.6,7.2,,Logitech,Matte,110.8,70.3,42.5,56.0,No,No,Thumb,140.65,Back-heavy,1,2x AA,Wireless,,Plastic,,,8,2,No,Notched Wheel + Free Wheel,Yes,Yes
SteelSeries Rival 5,2021,6.3,8.2,8.2,,SteelSeries,Matte,129.4,68.1,42.0,62.0,No,No,No,76.23,Centered,Wired,No Batteries,Wired,2.0,PTFE,,,9,5,Yes,Notched Wheel,Yes,Yes
SteelSeries Prime Wireless,2021,7.4,8.3,7.8,,SteelSeries,Matte,125.0,68.1,42.5,65.0,No,No,No,81.27,Centered,1,Rechargeable,Wireless,2.05,Virgin Grade PTFE,,,6,2,Yes,Notched Wheel,Yes,Yes
Razer Naga X,2021,7.5,8.6,8.6,,Razer,Matte,118.0,72.0,42.7,69.0,No,No,Pinky,85.14,Centered,,No Batteries,Wired,1.8,Virgin Grade PTFE,,,16,12,Yes,Notched Wheel,Yes,No
Logitech G MX518 Legendary,2019,6.9,8.1,7.9,,Logitech,Glossy,130.9,69.7,43.6,63.0,No,No,Thumb,96.53,Centered,,No Batteries,Wired,2.03,PTFE,,,8,2,Yes,Notched Wheel,Yes,Yes
EVGA X15,2021,6.8,7.7,8.5,,EVGA,Matte,124.8,70.2,43.5,58.0,No,No,No,122.95,Centered,,No Batteries,Wired,2.1,PTFE,,,20,10,Yes,Notched Wheel,Yes,No
Corsair HARPOON RGB,2016,6.8,7.1,7.3,,Corsair,Matte,115.7,67.9,40.3,59.0,No,No,No,76.01,Centered,,No Batteries,Wired,1.82,PTFE,,,6,2,Yes,Notched Wheel,Yes,Yes
Logitech G403 Prodigy Wireless,2016,8.2,8.0,8.1,,Logitech,Matte,125.0,65.0,43.0,62.0,No,No,No,163.0,Front-heavy,,Rechargeable,Wireless,1.846,PTFE,,,6,2,Yes,Notched Wheel,Yes,Yes
XTRFY MZ1 – Zy’s Rail,2021,6.3,8.8,6.6,9.1,XTRFY,Matte,111.0,58.5,36.5,57.0,No,Yes,No,60.61,Centered,Wired,No Batteries,Wired,1.85,Virgin Grade PTFE,,,7,2,No,Notched Wheel,No,No
ASUS ROG Chakram Core,2020,6.6,8.6,8.2,9.4,ASUS,Matte,133.2,76.6,42.3,63.0,No,No,Thumb,111.0,Centered,Wired,No Batteries,Wired,1.85,PTFE,,,10,6,No,Notched Wheel,Yes,No
Razer DeathAdder Essential,2018,6.8,7.6,7.3,8.5,Razer,Matte,127.7,70.3,42.8,66.0,No,No,No,93.23,Centered,Wired,No Batteries,Wired,1.8,PTFE,,,5,2,Yes,Notched Wheel,Yes,No
DELUX M800 Wireless,2021,6.6,7.7,6.8,8.2,DELUX,Matte,123.5,63.9,38.4,62.0,Shape Only,Yes,No,69.72,Centered,1,Rechargeable,Wireless,1.6,PTFE,,,6,2,No,Notched Wheel,Yes,No
Cooler Master MM731,2021,6.6,8.8,7.8,9.1,Cooler Master,Matte,122.5,68.8,39.1,64.0,No,No,No,58.0,Centered,1,Rechargeable,Wireless,1.9,Virgin Grade PTFE,,,7,2,Yes,Notched Wheel,Yes,No
Corsair HARPOON RGB PRO,2019,7.0,8.5,7.9,,Corsair,Matte,115.4,68.2,40.1,56.0,No,No,No,111.03,Centered,,No Batteries,Wired,1.85,PTFE,,,6,2,Yes,Notched Wheel,Yes,Yes
Razer Mamba Wireless,2018,7.9,7.9,7.9,,Razer,Matte,125.0,68.0,46.0,64.0,No,No,No,104.03,Centered,,Rechargeable,Wireless,2.1,PTFE,,,8,2,Yes,Notched Wheel,Yes,No
Vaxee OUTSET AX,2021,6.3,8.1,6.8,,Vaxee,Matte,117.4,66.2,43.2,61.0,No,No,No,86.54,Centered,,No Batteries,Wired,2.14,Virgin Grade PTFE,,,8,2,No,Notched Wheel,No,No
Redragon COBRA M711-FPS,2018,7.0,7.3,7.6,,Redragon,Matte,126.4,66.0,41.4,55.0,No,No,No,100.61,Centered,,No Batteries,Wired,1.85,PTFE,,,9,2,Yes,Notched Wheel,Yes,No
Vaxee ZYGEN NP-01,2020,6.2,8.3,6.7,,Vaxee,Glossy,119.7,66.9,39.1,65.0,No,No,No,78.6,Centered,,No Batteries,Wired,2.0,Virgin Grade PTFE,,,8,2,No,Notched Wheel,No,No
SteelSeries Aerox 5,2022,7.1,8.3,8.2,,SteelSeries,Matte,129.3,68.2,42.1,62.0,No,No,No,65.35,Centered,,No Batteries,Wired,2.1,Virgin Grade PTFE,,,9,5,Yes,Notched Wheel,Yes,Yes
Razer Mamba Elite,2022,7.4,8.1,8.2,,Razer,Matte,126.0,69.0,44.1,65.0,No,No,No,98.27,Centered,,No Batteries,Wired,2.13,PTFE,,,10,2,Yes,Notched Wheel,Yes,No
Razer Atheris,2017,7.5,7.0,7.1,,Razer,Matte,99.7,63.0,34.3,59.0,Yes,No,No,121.35,Back-heavy,,2x AA,Wireless,,PTFE,,,6,2,Yes,Notched Wheel,Yes,No
Redragon M908,2018,7.1,6.9,8.3,,Redragon,Matte,124.0,91.0,42.0,72.0,No,No,Thumb and Pinky,117.62,Centered,,No Batteries,Wired,1.87,PTFE,,,19,12,Yes,Notched Wheel,Yes,No
SteelSeries Sensei Ten,2020,7.1,7.7,8.1,,SteelSeries,Matte,126.0,68.0,39.0,62.0,Yes,No,No,91.83,Centered,,No Batteries,Wired,1.8,PTFE,,,8,4,Yes,Notched Wheel,Yes,Yes
Logitech G203 Prodigy,2017,7.1,8.2,7.3,,Logitech,Matte,116.0,63.9,38.0,60.0,Yes,No,No,82.05,Centered,,No Batteries,Wired,2.07,PTFE,,,6,2,No,Notched Wheel,Yes,Yes
XTRFY M4 RGB,2019,6.3,8.2,6.7,,XTRFY,Matte,121.0,67.8,39.7,60.0,No,No,No,71.38,Centered,,No Batteries,Wired,1.82,Virgin Grade PTFE,,,7,2,No,Notched Wheel,No,No
ROCCAT Burst Pro,2020,7.2,8.8,7.9,,ROCCAT,Matte,120.0,67.0,39.0,60.0,Yes,No,No,70.2,Centered,,No Batteries,Wired,1.8,Virgin Grade PTFE,,,6,2,Yes,Notched Wheel,Yes,No
ROCCAT Kone XP,2022,7.4,8.4,8.5,,ROCCAT,Matte,125.6,74.5,40.1,61.0,No,No,Thumb,100.46,Centered,,No Batteries,Wired,1.8,Virgin Grade PTFE,,,13,5,Yes,Notched Wheel,Yes,No
Logitech M100,2018,5.7,6.4,4.4,,Logitech,Matte,112.8,61.7,37.8,56.0,Yes,No,No,58.81,Centered,,No Batteries,Wired,1.8,PTFE,,,3,0,No,Notched Wheel,No,No
SteelSeries Prime,2021,7.2,8.8,8.1,,SteelSeries,Matte,125.4,67.7,42.5,65.0,No,No,No,68.62,Centered,,No Batteries,Wired,2.1,PTFE,,,6,2,Yes,Notched Wheel,Yes,Yes
Redragon M913 Impact Elite,2020,7.9,7.0,8.5,,Redragon,Matte,122.5,88.5,41.9,60.0,No,No,Thumb and Pinky,129.2,Centered,,Rechargeable,Wireless,1.8,PTFE,,,19,12,Yes,Notched Wheel,Yes,No
Logitech G300s,2017,6.7,8.4,6.4,,Logitech,Matte,113.0,72.3,39.1,56.0,Yes,No,Thumb and Pinky,83.51,Centered,,No Batteries,Wired,1.99,PTFE,,,9,0,No,Notched Wheel,Yes,Yes
Logitech G903 HERO,2019,8.2,8.2,8.6,,Logitech,Matte,130.0,65.0,40.0,61.0,Yes,No,No,119.8,Front-heavy,,Rechargeable,Wireless,1.86,PTFE,,,13,4,Yes,Notched Wheel + Free Wheel,Yes,Yes
Microsoft Sculpt Ergonomic Mouse,2013,7.4,5.6,6.0,,Microsoft,Glossy,98.5,79.6,57.0,65.0,No,No,Thumb,164.99,Back-heavy,,2x AA,Wireless,,PTFE,,,7,1,No,Notched Wheel,Yes,No
Pwnage Ultra Custom Wireless Ergo,2020,8.0,8.2,7.4,,Pwnage,Matte,120.7,66.1,43.0,60.0,No,No,No,73.36,Centered,,Rechargeable,Wireless,1.85,Virgin Grade PTFE,,,6,2,No,Notched Wheel,Yes,No
Pwnage Ultra Custom Wireless Symm 2,2021,8.0,8.6,8.0,,Pwnage,Matte,118.0,61.0,39.0,59.0,Yes,No,No,71.23,Centered,,Rechargeable,Wireless,1.9,Virgin Grade PTFE,,,6,2,Yes,Notched Wheel,Yes,No
HyperX Pulsefire FPS Pro,2018,7.2,7.9,7.3,,HyperX,Matte,127.5,70.1,41.7,66.0,No,No,No,97.17,Centered,,No Batteries,Wired,1.8,PTFE,,,6,2,No,Notched Wheel,Yes,No
HyperX Pulsefire Core,2018,7.2,7.4,7.1,,HyperX,Matte,119.4,63.9,41.0,60.0,Yes,No,No,91.5,Centered,,No Batteries,Wired,1.8,PTFE,,,7,2,No,Notched Wheel,Yes,No
G-Wolves Hati HT-S ACE Edition,2020,7.1,8.6,7.4,,G-Wolves,Matte,112.5,60.8,40.0,58.0,Yes,No,No,51.15,Centered,,No Batteries,Wired,1.85,Virgin Grade PTFE,,,7,2,No,Notched Wheel,Yes,No
GLORIOUS Model O-,2019,7.0,8.5,7.3,,GLORIOUS,Glossy,120.0,63.0,35.0,58.0,Yes,No,No,59.68,Centered,,No Batteries,Wired,1.9,Virgin Grade PTFE,,,6,2,No,Notched Wheel,Yes,No
GLORIOUS Model D- Wireless,2021,7.9,8.8,8.0,,GLORIOUS,Matte,120.0,65.7,40.9,61.0,No,No,No,65.21,Centered,,Rechargeable,Wireless,2.0,Virgin Grade PTFE,,,6,2,Yes,Notched Wheel,Yes,No
Ducky Feather,2020,6.0,8.2,6.8,,Ducky,Matte,124.69,65.34,36.17,61.0,Yes,No,No,67.29,Centered,,No Batteries,Wired,1.68,Virgin Grade PTFE,,,8,4,No,Notched Wheel,No,No
EVGA X12,2022,6.8,8.3,7.8,,EVGA,Matte,123.1,70.2,40.6,58.0,Yes,No,Thumb and Pinky,70.15,Centered,,No Batteries,Wired,2.0,PTFE,,,9,4,Yes,Notched Wheel,Yes,No
Corsair SCIMITAR PRO RGB,2017,7.7,8.0,9.0,,Corsair,Matte,117.0,75.0,42.0,71.0,No,No,Pinky,117.25,Centered,,No Batteries,Wired,1.83,PTFE,,,17,12,Yes,Notched Wheel,Yes,Yes
Corsair KATAR PRO XT,2021,7.0,8.4,8.0,,Corsair,Matte,116.0,63.6,37.8,59.0,Yes,No,No,75.73,Centered,,No Batteries,Wired,1.86,PTFE,,,6,2,Yes,Notched Wheel,Yes,Yes
Cooler Master MM711,2020,7.1,8.4,7.8,,Cooler Master,Glossy,115.9,63.0,38.6,61.0,Yes,No,No,55.74,Centered,,No Batteries,Wired,1.9,Virgin Grade PTFE,,,6,2,Yes,Notched Wheel,Yes,No
BenQ ZOWIE EC3-C,2021,6.2,8.0,6.6,,BenQ,Matte,120.1,66.2,41.5,63.0,No,No,No,73.2,Centered,,No Batteries,Wired,2.15,PTFE,,,7,2,No,Notched Wheel,No,No
ASUS TUF Gaming M3,2019,7.2,6.6,7.0,,ASUS,Matte,123.1,66.3,40.1,59.0,No,No,No,96.15,Centered,,No Batteries,Wired,1.85,PTFE,,,7,2,No,Notched Wheel,Yes,No
ASUS ROG Gladius III Wireless,2021,8.2,8.0,7.6,,ASUS,Matte,123.0,68.2,44.6,65.0,No,No,No,87.97,Back-heavy,,Rechargeable,Wireless,2.0,Virgin Grade PTFE,,,8,2,Yes,Notched Wheel,Yes,No
AmazonBasics 3-Button USB Wired Mouse,2011,5.5,7.1,4.4,,AmazonBasics,Matte,109.2,61.1,33.9,57.0,True Ambidextrous,Yes,No,51.49,Front-heavy,Wired,No Batteries,Wired,1.47,Plastic,,,3,0,No,Notched Wheel,No,No
Logitech M317,2012,6.6,6.5,5.3,,Logitech,Matte,95.4,56.5,38.43,52.0,True Ambidextrous,Yes,No,85.16,Centered,1,1x AA,Wireless,,PTFE,,,3,0,No,Notched Wheel,Yes,Yes
ROCCAT Kone Pro Air,2021,7.9,8.6,8.0,,ROCCAT,Matte,125.5,72.3,40.2,66.0,No,No,Thumb,72.11,Centered,2,Rechargeable,Wireless,1.8,Virgin Grade PTFE,,,6,2,Yes,Notched Wheel,Yes,No
Logitech M525,2011,6.9,5.6,4.5,,Logitech,Glossy,101.9,58.2,37.9,56.0,Yes,No,No,122.72,Back-heavy,,2x AA,Wireless,,PTFE,,,5,0,No,Notched Wheel,Yes,No
Finalmouse Ultralight 2 - Cape Town,2019,6.2,8.3,6.4,,Finalmouse,Matte,116.0,59.5,36.0,57.0,Yes,No,No,49.54,Centered,,No Batteries,Wired,1.94,Virgin Grade PTFE,,,6,2,No,Notched Wheel,No,No
XTRFY M42,2020,6.3,8.2,6.6,,XTRFY,Matte,119.0,63.0,38.0,58.0,Yes,No,No,64.04,Centered,,No Batteries,Wired,1.8,Virgin Grade PTFE,,,7,2,No,Notched Wheel,No,No
Razer DeathAdder Elite,2017,7.2,7.5,7.1,,Razer,Matte,128.0,70.0,43.4,65.0,No,No,No,99.42,Centered,,No Batteries,Wired,2.14,PTFE,,,7,2,No,Notched Wheel,Yes,No
HyperX Pulsefire Dart,2019,7.9,7.5,7.1,,HyperX,Matte,125.4,73.1,43.3,63.0,No,No,No,113.54,Centered,,Rechargeable,Wireless,1.85,PTFE,,,6,2,No,Notched Wheel,Yes,No
EVGA X20,2021,8.1,7.4,8.1,,EVGA,Matte,124.0,70.0,44.0,60.0,No,No,Thumb,126.15,Centered,,Rechargeable,Wireless,2.085,PTFE,,,10,3,Yes,Notched Wheel,Yes,No
Corsair M65 RGB Elite,2019,7.5,8.4,8.3,,Corsair,Matte,116.4,77.7,38.5,64.0,No,No,Thumb,113.56,Centered,,No Batteries,Wired,1.83,PTFE,,,8,3,Yes,Notched Wheel,Yes,Yes
EVGA X17,2021,7.1,7.8,8.0,,EVGA,Matte,124.2,69.8,44.3,60.0,No,No,Thumb,104.59,Centered,,No Batteries,Wired,2.05,PTFE,,,10,3,Yes,Notched Wheel,Yes,No
Corsair KATAR PRO Wireless,2020,7.6,8.1,7.5,,Corsair,Matte,115.9,64.1,37.8,59.0,Yes,No,No,101.82,Back-heavy,,1x AA,Wireless,,PTFE,,,6,2,Yes,Notched Wheel,Yes,Yes
ASUS ROG Spatha X,2021,8.2,7.8,8.0,,ASUS,Matte,136.2,88.4,43.1,74.0,No,No,Thumb and Pinky,166.96,Centered,,Rechargeable,Wireless,2.05,PTFE,,,12,6,Yes,Notched Wheel,Yes,No
ASUS ROG Keris Wireless,2020,8.1,8.4,7.2,,ASUS,Matte,118.1,61.9,39.7,58.0,No,No,No,79.04,Centered,,Rechargeable,Wireless,2.05,Virgin Grade PTFE,,,7,2,No,Notched Wheel,Yes,No
Pulsar Xlite Wireless,2021,7.3,8.9,7.7,,Pulsar,Matte,122.9,65.9,42.1,62.0,No,No,No,59.03,Front-heavy,1,Rechargeable,Wireless,1.85,Virgin Grade PTFE,,,5,2,Yes,Notched Wheel,Yes,No
Finalmouse Starlight-12 Phantom Small,2021,7.3,8.7,6.1,,Finalmouse,Matte,116.0,59.6,35.2,56.0,Shape Only,Yes,No,44.53,Centered,1,Rechargeable,Wireless,1.8,Virgin Grade PTFE,,,6,2,No,Notched Wheel,No,No
Fnatic BOLT,2022,7.4,8.9,7.1,,Fnatic,Matte,121.0,63.0,38.6,56.0,Shape Only,Yes,No,68.31,Centered,2,Rechargeable,Wireless,1.87,Virgin Grade PTFE,,,6,2,Yes,Notched Wheel,Yes,Yes
Corsair HARPOON RGB Wireless,2019,7.8,7.9,7.6,,Corsair,Matte,116.0,68.0,45.0,59.0,No,No,Thumb,102.39,Centered,2,Rechargeable,Wireless,2.0,PTFE,,,6,2,Yes,Notched Wheel,Yes,Yes
SteelSeries Rival 3 Wireless,2020,7.6,7.8,7.7,,SteelSeries,Matte,120.5,66.5,37.8,60.0,Shape Only,Yes,No,109.37,Back-heavy,2,2x AAA,Wireless,,PTFE,,,6,2,Yes,Notched Wheel,Yes,Yes
GLORIOUS Model D,2019,5.9,8.6,7.2,,GLORIOUS,Matte,127.0,67.0,43.0,64.0,No,No,No,70.2,Centered,Wired,No Batteries,Wired,2.03,Virgin Grade PTFE,,,6,2,No,Notched Wheel,Yes,No
Logitech G402 Hyperion Fury,2014,6.5,8.2,8.2,,Logitech,Matte,135.0,71.0,41.0,60.0,No,No,Thumb,101.64,Centered,Wired,No Batteries,Wired,2.0,PTFE,,,8,3,Yes,Notched Wheel,Yes,Yes
Razer DeathAdder V2 Mini,2020,6.0,8.8,7.7,,Razer,Matte,115.0,62.0,38.0,60.0,No,No,No,62.45,Centered,Wired,No Batteries,Wired,1.835,Virgin Grade PTFE,,,6,2,Yes,Notched Wheel,Yes,No
Logitech G603 LIGHTSPEED,2017,7.8,8.2,8.1,,Logitech,Matte,125.0,65.0,43.0,62.0,No,No,No,144.28,Back-heavy,2,2x AA,Wireless,,PTFE,,,6,2,Yes,Notched Wheel,Yes,Yes
Logitech G403 HERO,2019,6.5,8.5,8.2,,Logitech,Matte,125.0,65.0,43.0,62.0,No,No,No,98.87,Centered,Wired,No Batteries,Wired,2.08,PTFE,,,6,2,Yes,Notched Wheel,Yes,Yes
SteelSeries Rival 3,2020,6.3,8.3,7.8,,SteelSeries,Matte,121.0,67.0,38.0,58.0,Shape Only,Yes,No,78.81,Centered,Wired,No Batteries,Wired,1.8,PTFE,,,6,2,Yes,Notched Wheel,Yes,Yes
Razer DeathAdder V2 X HyperSpeed,2021,7.6,8.5,7.9,,Razer,Matte,128.0,70.0,43.0,65.0,No,No,No,104.57,Back-heavy,2,1x AA or 1x AAA,Wireless,,Virgin Grade PTFE,,,7,2,Yes,Notched Wheel,Yes,No
Logitech G PRO HERO,2019,7.1,8.4,7.9,,Logitech,Matte,116.4,63.8,38.1,62.0,Yes,No,No,110.8,Centered,,No Batteries,Wired,2.08,PTFE,,,6,2,Yes,Notched Wheel,Yes,Yes
Logitech G900 Chaos Spectrum,2016,8.2,7.9,8.5,,Logitech,Matte,129.5,65.0,40.0,61.0,Yes,No,No,154.0,Centered,,Rechargeable,Wireless,1.85,PTFE,,,13,4,Yes,Notched Wheel + Free Wheel,Yes,Yes
Logitech G502 Proteus Spectrum,2016,7.8,7.6,8.4,,Logitech,Matte,130.1,73.1,41.3,62.0,No,No,Thumb,180.91,Centered,,No Batteries,Wired,1.95,PTFE,,,12,3,Yes,Notched Wheel + Free Wheel,Yes,Yes
Mad Catz R.A.T. DWS,2021,8.5,6.7,8.0,,Mad Catz,Matte,113.4,87.7,38.7,70.0,No,No,Thumb and Pinky,,Centered,,1x AA,Wireless,,PTFE,,,10,3,Yes,Notched Wheel,Yes,No
Mad Catz R.A.T. 8+,2019,7.5,7.1,8.1,,Mad Catz,Matte,120.0,88.9,39.0,71.0,No,No,Thumb and Pinky,189.0,Centered,,No Batteries,Wired,1.83,PTFE,,,9,5,Yes,Notched Wheel,Yes,No
Redragon M602 Griffin RGB Wired,2018,7.0,6.5,7.1,,Redragon,Glossy,128.6,81.3,41.5,61.0,No,No,Thumb and Pinky,103.38,Back-heavy,,No Batteries,Wired,1.85,Virgin Grade PTFE,,,8,2,Yes,Notched Wheel,Yes,No
Vegcoo C18,2017,5.6,6.0,5.0,,Vegcoo,Glossy,128.0,64.0,39.0,60.0,Yes,No,No,113.06,Front-heavy,,Rechargeable,Wireless,0.64,PTFE,,,6,2,No,Notched Wheel,No,No
G-Wolves Skoll SK-S ACE Edition,2020,7.2,8.4,7.3,,G-Wolves,Matte,116.8,63.2,40.0,57.0,No,No,No,87.38,Centered,,No Batteries,Wired,1.85,Virgin Grade PTFE,,,7,2,No,Notched Wheel,Yes,No
Endgame Gear XM1,2019,6.0,8.5,7.0,,Endgame Gear,Matte,122.0,66.0,38.0,61.0,Yes,No,No,111.0,Centered,,No Batteries,Wired,1.9,Virgin Grade PTFE,,,6,2,No,Notched Wheel,Yes,No
Razer Abyssus Essential,2018,6.9,8.0,6.3,,Razer,Matte,115.1,63.1,37.5,57.0,Yes,No,No,110.17,Centered,,No Batteries,Wired,2.1,PTFE,,,3,0,Yes,Notched Wheel,Yes,No
Sharkoon Light² 200,2020,7.4,8.1,7.3,,Sharkoon,Matte,120.7,66.1,43.0,60.0,No,No,No,100.72,Centered,,No Batteries,Wired,1.85,Virgin Grade PTFE,,,6,2,No,Notched Wheel,Yes,No
BenQ ZOWIE ZA12-B,2020,5.9,7.4,6.0,,BenQ,Matte,127.9,64.6,41.0,62.0,Yes,No,No,126.74,Centered,,No Batteries,Wired,2.1,PTFE,,,7,2,No,Notched Wheel,No,No
Kensington Orbit Wireless Trackball with Scroll Ring,2021,7.7,4.1,4.9,,Kensington,Matte,138.7,114.8,48.5,63.0,Yes,No,No,,Front-heavy,,2x AA,Wireless,,Rubber,,,3,0,No,Free Wheel,Yes,Yes
Vancer BT.L Gretxa,2021,8.0,8.6,7.4,,Vancer,Matte,122.2,62.9,37.4,60.0,Yes,No,No,103.33,Centered,,Rechargeable,Wireless,2.02,PTFE,,,8,2,No,Notched Wheel,Yes,No
Kensington Orbit Fusion Wireless Trackball,2020,7.6,3.9,6.2,,Kensington,Matte,133.0,96.7,64.7,73.0,No,No,Thumb and Pinky,,Front-heavy,,1x AA,Wireless,,Rubber,,,6,5,No,Free Wheel,Yes,Yes
Pwnage Ultra Custom Symm 2,2021,7.4,8.3,7.3,,Pwnage,Matte,118.0,61.0,39.0,59.0,Yes,No,No,120.52,Centered,,No Batteries,Wired,1.85,Virgin Grade PTFE,,,6,2,No,Notched Wheel,Yes,No
Gamesense Meta,2021,7.1,8.5,7.8,,Gamesense,Matte,119.3,63.8,38.5,60.0,Yes,No,No,94.06,Centered,,No Batteries,Wired,1.9,Virgin Grade PTFE,,,7,2,Yes,Notched Wheel,Yes,No
Mad Catz B.A.T. 6+,2021,7.0,8.1,7.9,,Mad Catz,Matte,125.5,65.9,41.4,52.0,Yes,No,Thumb and Pinky,137.89,Centered,,No Batteries,Wired,1.87,PTFE,,,8,4,Yes,Notched Wheel,Yes,No
SteelSeries Prime Mini Wireless,2021,7.9,8.3,7.9,,SteelSeries,Matte,121.0,65.0,41.0,62.0,No,No,No,107.0,Centered,,Rechargeable,Wireless,2.1,Virgin Grade PTFE,,,6,2,Yes,Notched Wheel,Yes,Yes
SteelSeries Prime Mini,2021,7.0,8.5,8.0,,SteelSeries,Matte,120.8,65.0,41.0,62.0,No,No,No,95.08,Centered,,No Batteries,Wired,2.0,Virgin Grade PTFE,,,6,2,Yes,Notched Wheel,Yes,Yes
Ninjutso Origin One X,2021,6.7,7.5,6.1,,Ninjutso,Matte,122.2,65.6,39.7,63.0,No,No,No,99.64,Centered,,Rechargeable,Wireless,1.65,Virgin Grade PTFE,,,6,2,No,Notched Wheel,No,No
Dream Machines DM6 Holey S,2020,6.8,7.9,7.1,,Dream Machines,Matte,128.2,66.3,40.4,61.0,No,No,No,95.91,Centered,,No Batteries,Wired,1.8,PTFE,,,8,2,No,Notched Wheel,Yes,No
Dream Machines DM1 FPS,2018,6.7,7.9,6.9,,Dream Machines,Matte,125.8,68.2,39.3,65.0,Yes,No,No,110.73,Centered,,No Batteries,Wired,1.8,PTFE,,,6,2,No,Notched Wheel,Yes,No
HP OMEN Vector Wireless,2020,8.0,7.6,7.3,,HP,Matte,128.1,74.7,42.2,62.0,No,No,Thumb,142.3,Back-heavy,,Rechargeable,Wireless,1.55,PTFE,,,6,2,No,Notched Wheel,Yes,No
HP OMEN Photon,2019,8.2,7.1,7.6,,HP,Matte,130.4,60.0,43.2,59.0,Yes,No,Thumb and Pinky,181.12,Back-heavy,,Rechargeable,Wireless,1.75,PTFE,,,11,4,No,Notched Wheel,Yes,No
G-Wolves Skoll SK-L ACE Edition,2019,7.0,8.2,7.2,,G-Wolves,Matte,125.1,67.6,42.5,63.0,No,No,No,101.86,Centered,,No Batteries,Wired,1.9,PTFE,,,7,2,No,Notched Wheel,Yes,No
Pwnage Ultra Custom Ergo ,2021,7.3,7.8,7.2,,Pwnage,Matte,120.7,66.1,43.0,60.0,No,No,No,118.47,Centered,,No Batteries,Wired,1.85,PTFE,,,6,2,No,Notched Wheel,Yes,No
MSI CLUTCH GM41 LIGHTWEIGHT WIRELESS,2021,7.7,8.2,7.2,,MSI,Matte,131.0,67.1,38.2,60.0,Yes,No,No,113.18,Centered,,Rechargeable,Wireless,2.0,Virgin Grade PTFE,,,6,2,No,Notched Wheel,Yes,No
Pwnage Ultra Custom Wireless Symm,2021,8.0,7.8,7.2,,Pwnage,Matte,120.5,63.8,39.5,60.0,Yes,No,No,111.92,Centered,,Rechargeable,Wireless,1.85,Virgin Grade PTFE,,,6,2,No,Notched Wheel,Yes,No
DELUX M625,2017,7.2,7.5,7.2,,DELUX,Matte,130.6,68.0,42.2,65.0,No,No,No,132.11,Centered,,No Batteries,Wired,1.8,PTFE,,,7,2,No,Notched Wheel,Yes,No
ROCCAT Kain 120 AIMO,2019,7.2,7.9,7.7,,ROCCAT,Matte,124.4,63.5,42.4,63.0,No,No,No,123.68,Centered,,No Batteries,Wired,1.9,PTFE,,,6,2,Yes,Notched Wheel,Yes,No
Gigabyte AORUS M5,2018,7.1,7.3,7.2,,Gigabyte,Matte,125.7,70.2,42.3,68.0,No,No,No,161.5,Centered,,No Batteries,Wired,1.9,PTFE,,,7,2,No,Notched Wheel,Yes,No
DREVO Falcon Wireless RGB,2021,7.7,7.5,7.1,,DREVO,Matte,126.1,63.7,39.4,60.0,Yes,No,No,115.02,Centered,,Rechargeable,Wireless,1.8,PTFE,,,6,2,No,Notched Wheel,Yes,No
Xenics Titan GX AIR Wireless,2021,8.0,8.1,7.3,,Xenics,Matte,119.9,63.7,39.6,60.0,Yes,No,No,112.3,Centered,,Rechargeable,Wireless,1.9,Virgin Grade PTFE,,,6,2,No,Notched Wheel,Yes,No
MSI CLUTCH GM20 ELITE,2020,7.3,7.5,7.1,,MSI,Matte,129.8,82.5,40.5,67.0,No,No,Thumb,146.26,Back-heavy,,No Batteries,Wired,2.0,PTFE,,,6,2,No,Notched Wheel,Yes,No
HK Gaming Mira-S,2020,7.2,8.3,7.2,,HK Gaming,Matte,113.8,60.6,40.4,58.0,Yes,No,No,98.45,Centered,,No Batteries,Wired,1.85,Virgin Grade PTFE,,,6,2,No,Notched Wheel,Yes,No
HK Gaming Mira-M,2020,7.2,8.4,7.2,,HK Gaming,Matte,123.9,64.4,40.4,61.0,Yes,No,No,100.84,Centered,,No Batteries,Wired,1.85,Virgin Grade PTFE,,,6,2,No,Notched Wheel,Yes,No
MSI CLUTCH GM30,2020,7.1,7.5,7.1,,MSI,Matte,129.2,67.0,38.7,63.0,Yes,No,No,131.85,Back-heavy,,No Batteries,Wired,2.1,PTFE,,,6,2,No,Notched Wheel,Yes,No
Mountain Makalu 67,2020,7.1,8.6,7.8,,Mountain,Matte,125.9,70.3,43.2,62.0,No,No,No,106.96,Centered,,No Batteries,Wired,1.8,Virgin Grade PTFE,,,6,2,Yes,Notched Wheel,Yes,No
ROCCAT Kain 100 AIMO,2018,7.5,8.1,7.7,,ROCCAT,Matte,124.5,64.2,42.3,62.0,No,No,No,123.4,Centered,,No Batteries,Wired,1.9,PTFE,,,6,2,Yes,Notched Wheel,Yes,No
Redragon M601 RGB Centrophorus,2018,7.0,7.2,7.2,,Redragon,Matte,121.5,71.3,38.9,56.0,Yes,No,No,136.26,Centered,,No Batteries,Wired,1.9,PTFE,,,7,2,Yes,Notched Wheel,Yes,No
EQEOVGA D10 RGB,2020,6.6,8.3,7.1,,EQEOVGA,Matte,125.0,68.0,42.8,58.0,No,No,No,106.32,Centered,,No Batteries,Wired,1.85,PTFE,,,7,2,No,Notched Wheel,Yes,No
Nixeus REVEL Fit,2018,6.9,7.6,7.0,,Nixeus,Matte,129.0,69.8,43.6,59.0,No,No,Thumb,134.31,Centered,,No Batteries,Wired,1.7,PTFE,,,6,2,No,Notched Wheel,Yes,No
COUGAR Revenger,2016,7.2,7.3,7.2,,COUGAR,Matte,129.6,71.6,43.5,63.0,No,No,No,140.78,Back-heavy,,No Batteries,Wired,1.85,PTFE,,,6,2,No,Notched Wheel,Yes,No
Fnatic FLICK 2,2018,7.0,7.5,7.7,,Fnatic,Matte,130.9,70.2,39.9,63.0,Yes,No,No,134.55,Centered,,No Batteries,Wired,1.8,PTFE,,,6,2,Yes,Notched Wheel,Yes,Yes
Dell Alienware AW310M,2019,7.8,7.0,7.0,,Dell,Matte,133.8,77.6,43.2,60.0,Yes,No,Thumb and Pinky,118.65,Centered,,1x AA,Wireless,,PTFE,,,6,2,No,Notched Wheel,Yes,No
ROCCAT Kone Pure Ultra,2019,7.4,8.3,7.8,,ROCCAT,Matte,118.5,69.4,38.8,59.0,No,No,Thumb,103.4,Centered,,No Batteries,Wired,1.9,PTFE,,,7,2,Yes,Notched Wheel,Yes,No
DELUX Game Titan M626,2018,5.9,6.2,5.8,,DELUX,Matte,128.9,68.4,39.3,64.0,Yes,No,No,158.8,Centered,,No Batteries,Wired,1.85,PTFE,,,7,2,No,Notched Wheel,No,No
Dell Alienware AW510M,2019,7.3,7.9,7.5,,Dell,Matte,134.0,77.7,43.3,60.0,Yes,No,Thumb and Pinky,132.61,Centered,,No Batteries,Wired,1.85,PTFE,,,10,3,No,Notched Wheel,Yes,No
Mad Catz R.A.T. 4+,2019,6.7,7.5,7.7,,Mad Catz,Matte,130.4,88.1,38.6,59.0,No,No,Thumb,121.18,Centered,,No Batteries,Wired,1.85,PTFE,,,9,3,Yes,Notched Wheel,Yes,No
ROCCAT Kone AIMO Remastered,2019,7.3,7.1,8.0,,ROCCAT,Matte,129.1,83.7,42.6,69.0,No,No,Thumb,161.67,Centered,,No Batteries,Wired,1.85,PTFE,,,8,3,Yes,Notched Wheel,Yes,No
ROCCAT Kain 200 AIMO,2019,7.9,7.4,7.6,,ROCCAT,Matte,125.8,64.4,42.3,62.0,No,No,No,136.5,Centered,,Rechargeable,Wireless,1.85,PTFE,,,6,2,Yes,Notched Wheel,Yes,No
Mad Catz R.A.T. 2+,2019,6.5,7.6,5.8,,Mad Catz,Matte,115.9,70.1,39.7,51.0,Yes,No,No,100.86,Centered,,No Batteries,Wired,1.85,PTFE,,,4,0,No,Notched Wheel,Yes,No
Marsback Zephyr RGB,2020,6.2,7.8,6.3,,Marsback,Matte,121.8,65.2,40.2,56.0,Yes,No,No,114.86,Centered,,No Batteries,Wired,1.85,Virgin Grade PTFE,,,7,2,No,Notched Wheel,No,No
SteelSeries Prime+,2021,7.2,8.2,8.0,,SteelSeries,Matte,125.4,68.0,42.5,65.0,No,No,No,104.62,Centered,,No Batteries,Wired,2.05,PTFE,,,6,2,Yes,Notched Wheel,Yes,Yes
UtechSmart VENUS Pro,2020,7.9,6.4,7.8,,UtechSmart,Matte,120.2,80.4,41.9,65.0,No,No,Thumb,171.68,Centered,,Rechargeable,Wireless,1.85,PTFE,,,19,12,No,Notched Wheel,Yes,No
Cooler Master MasterMouse MM530,2017,7.4,7.7,7.7,,Cooler Master,Matte,124.7,69.2,39.4,64.0,No,No,No,135.61,Centered,,No Batteries,Wired,1.85,PTFE,,,7,2,Yes,Notched Wheel,Yes,No
DELUX M627,2019,7.4,6.9,7.2,,DELUX,Matte,122.1,70.8,41.2,62.0,Yes,No,Thumb and Pinky,169.95,Centered,,Rechargeable,Wireless,1.75,PTFE,,,8,4,No,Notched Wheel,Yes,No
ASUS ROG Gladius II Wireless,2019,8.2,7.0,7.1,,ASUS,Matte,126.2,67.2,44.3,63.0,No,No,No,163.28,Centered,,Rechargeable,Wireless,2.05,PTFE,,,6,2,No,Notched Wheel,Yes,No
ASUS ROG Keris,2021,7.1,8.6,7.2,,ASUS,Matte,118.1,61.9,39.7,58.0,No,No,No,95.9,Centered,,No Batteries,Wired,2.05,Virgin Grade PTFE,,,6,2,No,Notched Wheel,Yes,No
HyperX Pulsefire Raid,2020,7.2,7.5,7.7,,HyperX,Matte,128.6,69.2,41.1,62.0,No,No,No,127.06,Centered,,No Batteries,Wired,1.8,PTFE,,,11,5,No,Notched Wheel,Yes,No
DELUX M700,2020,7.0,7.5,7.1,,DELUX,Matte,128.0,67.0,38.5,63.0,Yes,No,No,95.64,Centered,,No Batteries,Wired,1.75,Virgin Grade PTFE,,,7,2,No,Notched Wheel,Yes,No
ASUS ROG Pugio II,2020,8.1,7.7,7.4,,ASUS,Matte,126.6,64.7,39.6,64.0,Yes,No,No,137.21,Centered,,Rechargeable,Wireless,1.85,PTFE,,,9,4,No,Notched Wheel,Yes,No
HyperX Pulsefire Surge,2018,7.3,7.4,7.3,,HyperX,Matte,120.7,62.7,40.6,60.0,Yes,No,No,135.67,Centered,,No Batteries,Wired,1.8,PTFE,,,6,2,No,Notched Wheel,Yes,No
ASUS ROG Strix Impact II Wireless,2020,7.7,8.3,7.2,,ASUS,Matte,119.7,62.3,39.4,56.0,Yes,No,No,137.13,Centered,,Rechargeable,Wireless,2.05,Virgin Grade PTFE,,,6,2,No,Notched Wheel,Yes,No
Razer Basilisk Essential,2019,7.2,7.3,7.5,,Razer,Matte,124.0,74.6,43.2,59.0,No,No,Thumb,129.49,Centered,,No Batteries,Wired,2.15,PTFE,,,7,3,Yes,Notched Wheel,Yes,No
Corsair M65 PRO RGB,2016,7.5,7.7,8.3,,Corsair,Matte,117.8,76.8,38.9,60.0,No,No,Thumb,172.02,Centered,,No Batteries,Wired,1.85,PTFE,,,8,3,Yes,Notched Wheel,Yes,Yes
Cooler Master CM110,2019,5.9,7.6,6.0,,Cooler Master,Matte,116.5,62.8,38.1,60.0,Yes,No,No,122.45,Centered,,No Batteries,Wired,1.85,PTFE,,,6,2,No,Notched Wheel,No,No
Logitech G5,2005,6.8,7.4,6.9,,Logitech,Matte,130.5,70.0,44.0,61.0,No,No,Thumb,198.15,Centered,,No Batteries,Wired,2.0,Virgin Grade PTFE,,,8,1,No,Notched Wheel,Yes,No
Cooler Master MM831,2020,8.0,7.1,7.7,,Cooler Master,Matte,127.5,67.4,43.1,63.0,No,No,No,154.68,Centered,,Rechargeable,Wireless,1.8,PTFE,,,6,2,Yes,Notched Wheel,Yes,No
Cooler Master MM830,2018,7.1,7.1,7.9,,Cooler Master,Matte,128.8,81.6,42.7,61.0,No,No,Thumb,160.11,Centered,,No Batteries,Wired,1.85,PTFE,,,8,4,Yes,Notched Wheel,Yes,No
Logitech M570,2010,7.9,5.6,4.9,,Logitech,Matte,137.0,97.1,56.0,62.0,No,No,Pinky,141.05,Centered,,1x AA,Wireless,,Plastic,,,5,0,No,Notched Wheel,Yes,No
SteelSeries Rival 100,2015,7.1,7.8,7.6,,SteelSeries,Glossy,120.0,67.1,39.0,64.0,Yes,No,No,121.81,Centered,,No Batteries,Wired,1.8,PTFE,,,6,2,Yes,Notched Wheel,Yes,Yes
SteelSeries Sensei RAW,2013,7.1,8.1,8.1,,SteelSeries,Glossy,126.5,68.4,38.1,65.0,Yes,No,No,125.74,Centered,,No Batteries,Wired,1.9,PTFE,,,8,4,Yes,Notched Wheel,Yes,Yes
SteelSeries Sensei 310,2017,7.4,8.0,8.1,,SteelSeries,Matte,124.3,70.5,39.6,68.0,Yes,No,No,127.94,Centered,,No Batteries,Wired,2.0,PTFE,,,8,4,Yes,Notched Wheel,Yes,Yes
Logitech M535,2018,7.4,6.1,4.8,,Logitech,Matte,100.9,61.1,32.8,56.0,Yes,No,No,85.25,Centered,,1x AA,Wireless,,PTFE,,,6,0,No,Notched Wheel,Yes,Yes
BenQ ZOWIE S1,2019,6.0,7.5,6.0,,BenQ,Matte,125.8,66.4,39.8,63.0,Yes,No,No,137.01,Centered,,No Batteries,Wired,2.1,PTFE,,,7,2,No,Notched Wheel,No,No
BenQ ZOWIE ZA13-B,2020,6.0,7.7,6.0,,BenQ,Matte,124.1,62.7,40.3,61.0,Yes,No,No,124.19,Centered,,No Batteries,Wired,2.1,PTFE,,,7,2,No,Notched Wheel,No,No
BenQ ZOWIE FK2-B,2019,6.0,7.7,6.0,,BenQ,Matte,128.0,64.8,36.7,62.0,Yes,No,No,128.14,Centered,,No Batteries,Wired,2.1,PTFE,,,7,2,No,Notched Wheel,No,No
BenQ ZOWIE FK1+-B,2019,6.2,7.6,6.1,,BenQ,Glossy,131.7,69.4,38.9,66.0,Yes,No,No,138.41,Centered,,No Batteries,Wired,2.1,PTFE,,,7,2,No,Notched Wheel,No,No
BenQ ZOWIE ZA11-B,2015,6.0,7.6,6.0,,BenQ,Matte,131.5,66.7,41.9,63.0,Yes,No,No,132.92,Centered,,No Batteries,Wired,2.1,PTFE,,,7,2,No,Notched Wheel,No,No
ROCCAT Burst Core,2020,7.0,8.6,7.6,,ROCCAT,Matte,120.3,67.0,38.83,60.0,Yes,No,No,102.78,Centered,,No Batteries,Wired,1.87,PTFE,,,6,2,Yes,Notched Wheel,Yes,No
BenQ ZOWIE FK1-B,2020,6.0,7.7,6.1,,BenQ,Glossy,129.5,66.5,37.0,60.0,Yes,No,No,132.69,Centered,,No Batteries,Wired,2.14,PTFE,,,7,2,No,Notched Wheel,No,No
Corsair SABRE PRO,2021,7.0,8.7,8.1,,Corsair,Matte,129.2,69.0,42.3,66.0,No,No,No,97.95,Centered,,No Batteries,Wired,2.1,PTFE,,,6,2,Yes,Notched Wheel,Yes,Yes
SteelSeries Aerox 3,2020,6.9,8.4,7.7,,SteelSeries,Matte,120.0,67.0,38.0,60.0,Yes,No,No,85.0,Centered,,No Batteries,Wired,1.9,PTFE,,,6,2,Yes,Notched Wheel,Yes,Yes
GLORIOUS Model D-,2020,6.7,8.5,7.1,,GLORIOUS,Matte,120.0,66.0,41.0,61.0,No,No,No,94.0,Centered,,No Batteries,Wired,2.0,Virgin Grade PTFE,,,6,2,No,Notched Wheel,Yes,No
ASUS ROG Spatha,2019,8.2,7.0,8.3,,ASUS,Matte,135.5,88.2,43.4,74.0,No,No,Thumb and Pinky,206.0,Centered,,Rechargeable,Wireless,2.09,PTFE,,,12,6,Yes,Notched Wheel,Yes,No
Kensington Expert Mouse Wireless Trackball,2016,7.7,3.4,4.5,,Kensington,Matte,156.0,130.0,70.0,,Yes,No,No,,Front-heavy,,2x AA,Wireless,,Plastic,,,4,0,No,Free Wheel,Yes,Yes
SteelSeries Rival 600,2018,7.4,7.9,8.1,,SteelSeries,Matte,132.0,69.0,44.0,64.0,No,No,No,170.0,Centered,,No Batteries,Wired,2.07,PTFE,,,7,3,Yes,Notched Wheel,Yes,Yes
J-Tech Digital V628X,2018,5.8,6.1,6.4,,J-Tech Digital,Matte,152.0,100.0,82.0,55.0,No,No,Thumb and Pinky,244.0,Front-heavy,,No Batteries,Wired,1.8,PTFE,,,6,2,No,Notched Wheel,Yes,No
Havit HV-MS735,2016,7.1,7.1,8.0,,Havit,Glossy,126.0,75.0,44.0,62.0,No,No,Thumb,163.0,Centered,,No Batteries,Wired,1.9,PTFE,,,19,12,No,Notched Wheel,Yes,No
Havit HV-MS760,2018,7.1,6.3,7.5,,Havit,Matte,128.0,73.0,39.0,64.0,No,No,No,170.0,Centered,,No Batteries,Wired,1.84,PTFE,,,14,9,No,Notched Wheel,Yes,No
Anker Gaming Mouse,2018,6.7,7.6,7.4,,Anker,Matte,120.0,65.0,40.0,63.0,No,No,No,127.0,Centered,,No Batteries,Wired,1.85,PTFE,,,6,2,Yes,Notched Wheel,Yes,No
IBM PS/2,2000,5.4,5.2,3.6,,IBM,Matte,115.3,61.72,36.85,62.0,Yes,No,No,121.0,Centered,,No Batteries,Wired,1.84,Plastic,,,2,0,No,No,No,No
Anker High Precision Gaming Mouse,2018,6.7,7.7,7.5,,Anker,Matte,123.0,81.0,42.0,65.0,No,No,Thumb and Pinky,166.0,Centered,,No Batteries,Wired,1.76,PTFE,,,12,5,No,Notched Wheel,Yes,No
UtechSmart VENUS,2014,7.1,7.0,8.5,,UtechSmart,Matte,121.0,82.0,43.0,72.0,No,No,Thumb,174.0,Centered,,No Batteries,Wired,1.86,PTFE,,,19,12,Yes,Notched Wheel,Yes,No
Corsair GLAIVE PRO,2019,6.9,7.9,7.9,,Corsair,Matte,129.0,70.0,51.0,65.0,Yes,No,Thumb,148.0,Centered,,No Batteries,Wired,1.85,PTFE,,,7,2,Yes,Notched Wheel,Yes,Yes
Corsair Nightsword RGB,2019,7.4,7.6,8.3,,Corsair,Matte,130.0,69.0,43.0,63.0,No,No,Thumb,174.0,Centered,,No Batteries,Wired,1.9,PTFE,,,10,3,Yes,Notched Wheel,Yes,Yes
SteelSeries Rival 710,2018,7.2,7.4,7.9,,SteelSeries,Matte,124.0,69.0,41.0,61.0,No,No,No,162.0,Back-heavy,,No Batteries,Wired,2.0,PTFE,,,7,3,Yes,Notched Wheel,Yes,Yes
Dell Alienware AW610M,2019,7.4,7.2,7.1,,Dell,Matte,133.0,78.0,44.0,61.0,Yes,No,Thumb and Pinky,162.0,Centered,,Rechargeable,Wireless,1.99,PTFE,,,7,2,No,Notched Wheel,Yes,No
Corsair M55 RGB Pro,2019,7.1,8.1,7.8,,Corsair,Matte,129.0,73.0,45.0,64.0,Yes,No,No,120.0,Centered,,No Batteries,Wired,1.85,PTFE,,,8,4,Yes,Notched Wheel,Yes,Yes
SteelSeries Rival 310,2017,7.2,8.0,7.9,,SteelSeries,Matte,128.0,68.7,42.0,61.0,No,No,No,128.0,Centered,,No Batteries,Wired,2.0,PTFE,,,6,2,Yes,Notched Wheel,Yes,Yes
Razer Basilisk,2017,7.5,7.4,7.9,,Razer,Matte,123.0,72.0,42.0,61.0,No,No,Thumb,139.0,Centered,,No Batteries,Wired,2.13,PTFE,,,9,3,Yes,Notched Wheel + Free Wheel,Yes,No
SteelSeries Rival 500,2016,7.4,7.2,8.6,,SteelSeries,Matte,119.0,77.0,43.0,65.0,No,No,Thumb,161.0,Centered,,No Batteries,Wired,2.0,PTFE,,,15,6,Yes,Notched Wheel,Yes,Yes
G-Wolves Hati HT-M Classic Edition,2019,6.9,8.3,7.2,,G-Wolves,Matte,124.5,64.3,39.8,61.0,Yes,No,No,105.0,Centered,,No Batteries,Wired,1.81,PTFE,,,6,2,No,Notched Wheel,Yes,No
VicTsing Wireless Gaming Mouse,2018,5.7,4.9,5.4,,VicTsing,Matte,121.0,69.0,39.0,64.0,Yes,No,No,,Back-heavy,,1x AA,Wireless,,PTFE,,,7,2,No,Notched Wheel,No,No
