Product,Release Year,Size (inch),Ranking General,Ranking Gaming,Ranking Office,Ranking Editing,Price,Brand,Brightness,Response Time,HDR Picture,SDR Picture,Color Accuracy,Curve Radius,Wall Mount,Borders Size (cm),Native Contrast,Contrast With Local Dimming,Local Dimming,Backlight,SDR Real Scene (cd/m2),SDR Peak 100% Window (cd/m2),SDR Sustained 100% Window (cd/m2),HDR Real Scene (cd/m2),HDR Peak 100% Window (cd/m2),HDR Sustained 100% Window (cd/m2),Minimum Brightness (cd/m2),Color Washout From Left (degrees),Color Washout From Right (degrees),Color Shift From Left (degrees),Color Shift From Right (degrees),Brightness Loss From Left (degrees),Brightness Loss From Right (degrees),Black Level Raise From Left (degrees),Black Level Raise From Right (degrees),Black Uniformity Native (Std Dev),White Balance (dE),Pixel Type,Subpixel Layout,Color Depth (Bit),Native Refresh Rate (Hz),Max Refresh Rate (Hz),Native Resolution,Aspect Ratio,Flicker-Free,Max Refresh Rate Over HDMI (Hz),DisplayPort,HDMI,USB-C Ports
Dell S3225QS,2025,32,6.7,7.5,8.1,7.6,279.99,Dell,7.1,5.8,5.5,7.8,8.5,Not Curved,VESA 100x100,0.8,3701.0,,No,Edge,348.0,358.0,357.0,374.0,377.0,376.0,34.56,27,29,30,36,29,31,12,12,1.476,4.17,VA,RGB,10,120,120,3840 x 2160,16:9,Yes,120,1 (DP 1.4),2 (HDMI 2.1),0
Samsung Odyssey 3D G90XF S27FG900X,2025,27,7.1,8.1,7.0,7.2,1599,Samsung,7.4,7.8,5.4,6.1,8.3,Not Curved,VESA 100x100,0.81,952.0,971.0,Yes,Edge,450.0,464.0,463.0,403.0,482.0,480.0,19.5,30,30,37,40,33,33,70,70,2.921,4.31,IPS,RGB,10,165,165,3840 x 2160,16:9,Yes,165,1 (DP 1.4),2 (HDMI 2.1),0
Dell S3225QC,2025,32,8.8,9,7.6,9.0,699.99,Dell,6.7,9.9,9.3,10,8.4,Not Curved,VESA 100x100,1.1,inf,inf,No,No Backlight,224.0,235.0,234.0,428.0,241.0,240.0,37.3,70,70,70,70,70,70,70,70,0.187,3.11,QD-OLED,Triangular RGB,10,120,120,3840 x 2160,16:9,No,120,No,1 (HDMI 2.1),3
Dell G2524H,2023,24.5,6.5,4.1,7.1,6.2,239.99,Dell,3.1,7.9,2.5,6.1,7.8,Not Curved,VESA 100x100,0.6,1172.0,,No,Edge,332.0,329.0,329.0,,,,22.64,36,35,58,59,40,40,70,70,3.196,2.93,IPS,RGB,8,240,280,1920 x 1080,16:9,Yes,240,2 (DP 1.4),1 (HDMI 2.0),0
BenQ PD3225U,2024,32,6.0,4.6,8.1,7.8,999.99,BenQ,7.3,4.7,5.4,7.6,8.4,Not Curved,VESA 100x100,1.1,2072.0,,No,Edge,334.0,347.0,347.0,422.0,433.0,432.0,24,45,45,67,70,46,46,70,70,1.288,4.84,IPS,RGB,10,60,60,3840 x 2160,16:9,Yes,60,1 (DP 1.4),2 (HDMI 2.0),3
Dell S2722QC,2021,27,6.0,4.8,8.3,7.5,329.99,Dell,7.3,5,4.8,7.3,7.9,Not Curved,VESA 100x100,0.69,1304.0,,No,Edge,382.0,382.0,382.0,408.0,402.0,402.0,33.84,43,42,55,56,48,47,70,70,1.194,2.62,IPS,RGB,10,60,60,3840 x 2160,16:9,Yes,60,No,2 (HDMI 2.0),1
Acer Nitro XZ322QU V3bmiiphx,2024,32,7.3,6.7,7.4,7.3,0,Acer,7.5,7.6,5.6,7.5,8.7,1500R,VESA 100x100,1.0,4422.0,,No,Edge,420.0,427.0,426.0,421.0,430.0,430.0,53.53,29,29,32,29,34,35,14,15,2.105,1.54,VA,RGB,10,180,180,2560 x 1440,16:9,Yes,144,1 (DP 1.2),2 (HDMI 2.0),0
Sony INZONE M9 II,2024,27,7.4,8.4,8.4,7.9,848,Sony,8.5,7.7,6.8,6.3,8.8,Not Curved,VESA 100x100,1.1,1243.0,1379.0,Yes,Full-Array,437.0,483.0,482.0,748.0,975.0,972.0,13,28,30,58,69,33,36,70,70,2.61,2.25,IPS,RGB,10,160,160,3840 x 2160,16:9,Yes,144,1 (DP 2.1),2 (HDMI 2.1),0
Dell S3422DWG,2021,34,7.2,6.6,7.4,7.2,499,Dell,7.7,6.8,5.7,8.3,7.1,1800R,VESA 100x100,0.85,2725.0,,No,Edge,350.0,344.0,344.0,547.0,527.0,525.0,25.2,35,36,70,70,33,34,21,21,0.748,5.23,VA,RGB,10,144,144,3440 x 1440,21:9,Yes,100,1 (DP 1.4),2 (HDMI 2.0),0
LG 27GL850-B/27GL83A-B,2019,27  / 27,6.8,6.2,7.3,6.9,318 249.99,LG,7.1,7.4,4.7,6,7.9,Not Curved,VESA 100x100,1.0,735.0,,No,Edge,315.0,347.0,347.0,363.0,396.0,395.0,49.65,45,45,51,51,48,50,70,70,2.831,6.96,IPS,RGB,10,144,144,2560 x 1440,16:9,Yes,144,1 (DP 1.4),2 (HDMI 2.0),0
Acer Nitro XV275U P3biipx,2023,27,7.8,7,7.9,7.7,0,Acer,8.9,6.9,7.8,8.4,7.8,Not Curved,VESA 75x75,0.9,4559.0,4720.0,Yes,Full-Array,580.0,581.0,580.0,1074.0,1320.0,1109.0,37.29,29,29,57,65,32,32,16,17,1.115,6.02,VA,RGB,10,170,170,2560 x 1440,16:9,Yes,144,1 (DP 1.2),2 (HDMI 2.0),0
LG C4 42 OLED,2024,42,8.8,9.2,6.3,8.8,886.9,LG,6.9,9.8,8.9,9.9,9.2,Not Curved,VESA 300x200,0.6,inf,inf,No,No Backlight,217.0,208.0,192.0,552.0,175.0,141.0,37.37,47,57,34,39,62,62,70,70,0.161,1.47,OLED,RWBG,10,120,144,3840 x 2160,16:9,No,144,No,4 (HDMI 2.1),0
Sony INZONE M10S,2024,27,9.2,7.5,7.2,8.8,1098,Sony,7,9.9,8.8,9.9,9.2,Not Curved,VESA 100x100,1.0,inf,inf,No,No Backlight,232.0,243.0,243.0,417.0,275.0,274.0,17,70,70,70,64,70,70,70,70,0.255,1.54,OLED,RGWB,10,480,480,2560 x 1440,16:9,No,480,1 (DP 2.1),2 (HDMI 2.1),0
Apple Studio Display,2022,Nano-Texture Glass and Tilt Adjustable / Nano-texture Glass Tilt and Height-Adjustable / Nano-texture Glass and VESA Mount Adapter / Standard Glass Tilt and Height-Adjustable / Standard Glass and Tilt Adjustable / Standard Glass and VESA Mount Adapter,5.1,3.8,8.3,7.4,1679 2219 1809 1964.94 1598 1449,Apple,3.5,4.5,2.4,7,9.4,Not Curved,No Mount,1.35,1052.0,,No,Edge,618.0,585.0,584.0,,,,3.5,43,41,49,52,47,46,70,70,1.636,0.8,IPS,RGB,10,60,60,5120 x 2880,16:9,Yes,,No,No,4
ASUS ROG Swift OLED PG27AQDM,2023,27,9.0,8.3,7.3,8.7,749,ASUS,7.3,9.9,8.8,9.9,9,Not Curved,VESA 100x100,0.7,inf,inf,No,No Backlight,238.0,163.0,162.0,739.0,197.0,196.0,12.70,70,70,51,70,70,70,70,70,0.186,1.89,OLED,RWBG,10,240,240,2560 x 1440,16:9,No,120,1 (DP 1.4),2 (HDMI 2.0),0
ASUS ProArt Display PA27JCV,2024,27,6.1,5.4,9.0,7.8,849,ASUS,8,4.7,6.2,6.7,8.6,Not Curved,VESA 100x100,0.9,2019.0,2046.0,Yes,Edge,552.0,614.0,611.0,552.0,644.0,641.0,23.22,28,29,33,41,31,33,70,70,3.03,3.24,IPS,RGB,10,60,60,5120 x 2880,16:9,Yes,60,1 (DP 1.4),1 (HDMI 2.1),2
Samsung Odyssey G70D S32DG70,2025,32,7.0,8,8.3,7.2,799.99,Samsung,7.3,7.8,5.5,5.6,8,Not Curved,VESA 100x100,0.6,820.0,852.0,Yes,Edge,322.0,331.0,331.0,424.0,417.0,417.0,24.74,29,29,35,42,33,34,70,70,3.546,3.44,IPS,RGB,10,144,144,3840 x 2160,16:9,Yes,144,1 (DP 1.4),2 (HDMI 2.1),0
MSI MPG 322URX QD-OLED,2025,32,9.0,9.3,7.5,9.1,1089,MSI,6.7,9.7,9.3,9.9,9.1,Not Curved,VESA 100x100,1.0,inf,inf,No,No Backlight,233.0,251.0,250.0,390.0,258.0,258.0,26.89,70,70,70,70,70,70,70,70,0.218,2.35,QD-OLED,Triangular RGB,10,240,240,3840 x 2160,16:9,No,240,1 (DP 2.1),2 (HDMI 2.1),1
Samsung Odyssey Neo G9/G95NC S57CG95,2023,57,8.1,8.8,8.5,7.8,1779.99,Samsung,8.6,8.7,7.4,7.6,8.1,1000R,VESA 100x100,1.14,2842.0,13507.0,Yes,Full-Array,803.0,746.0,745.0,632.0,750.0,749.0,41.33,28,28,41,51,30,30,13,14,2.153,2.75,VA,RGB,10,240,240,7680 x 2160,32:9,Yes,240,1 (DP 2.1),3 (HDMI 2.1),0
ASUS ROG Swift OLED PG27AQDP,2024,27,9.2,9,7.5,8.6,999,ASUS,7.3,9.9,9,9.9,8.5,Not Curved,VESA 100x100,1.0,inf,inf,No,No Backlight,307.0,273.0,272.0,427.0,266.0,239.0,23,70,70,60,67,70,70,70,70,0.182,3.11,OLED,RGWB,10,480,480,2560 x 1440,16:9,No,480,1 (DP 1.4),2 (HDMI 2.1),0
LG 27GR75Q-B,2023,27,6.9,6.4,7.4,6.9,394.76,LG,6.7,7.7,4.6,6.6,7.7,Not Curved,VESA 100x100,0.8,1039.0,,No,Edge,289.0,296.0,296.0,308.0,315.0,315.0,47.31,38,37,46,42,44,42,70,70,2.16,3.06,IPS,RGB,10,165,165,2560 x 1440,16:9,Yes,144,1 (DP 1.4),2 (HDMI 2.0),0
Samsung Odyssey Neo G7 S32BG75,2022,32,7.9,8.7,8.3,7.9,1099.99,Samsung,7.6,8.1,7.7,8.2,7.9,1000R,VESA 100x100,0.9,3326.0,19238.0,Yes,Full-Array,358.0,308.0,306.0,416.0,311.0,308.0,14,33,33,59,61,34,33,14,13,1.156,5.45,VA,RGB,10,165,165,3840 x 2160,16:9,Yes,165,1 (DP 1.4),2 (HDMI 2.1),0
MSI MPG 272URX QD-OLED,2025,27,9.1,9.3,7.9,9.2,999,MSI,6.8,9.9,9.2,9.9,9.2,Not Curved,VESA 100x100,1.3,inf,inf,No,No Backlight,239.0,258.0,254.0,417.0,257.0,254.0,30.93,70,70,70,70,70,70,70,70,0.234,1.9,QD-OLED,Triangular RGB,10,240,240,3840 x 2160,16:9,No,240,1 (DP 2.1),2 (HDMI 2.1),1
LG 27GP850-B/27GP83B-B,2021,27  / 27,7.2,6.6,7.5,7.3,384 0,LG,7.5,8.1,4.9,6.4,8.6,Not Curved,VESA 100x100,0.8,807.0,,No,Edge,349.0,365.0,365.0,465.0,472.0,472.0,21.86,45,45,52,53,48,49,70,70,2.189,3.35,IPS,RGB,10,165,180,2560 x 1440,16:9,Yes,144,1 (DP 1.4),2 (HDMI 2.0),0
LG 24GS65F-B,2025,24,7.0,5.1,7.0,6.6,189.99,LG,7,7.5,4.8,6.5,7.6,Not Curved,VESA 100x100,0.8,878.0,,No,Edge,309.0,320.0,319.0,355.0,367.0,367.0,40.27,27,27,30,37,28,29,70,70,2.076,1.75,IPS,RGB,10,180,180,1920 x 1080,16:9,Yes,180,1 (DP 1.4),1 (HDMI 2.0),0
ASUS TUF Gaming VG27AQL1A,2020,27,6.7,6.3,7.5,7.0,380,ASUS,7.3,6,5.4,6.5,7.5,Not Curved,VESA 100x100,0.9,1016.0,1091.0,Yes,Edge,318.0,331.0,330.0,459.0,477.0,477.0,75.7,47,45,51,62,46,46,70,70,1.759,2.29,IPS,RGB,10,144,170,2560 x 1440,16:9,Yes,144,1 (DP 1.2),2 (HDMI 2.0),0
ASUS ROG Swift OLED PG32UCDP,2024,32,9.2,9.2,8.0,9.0,1279.99,ASUS,7,9.8,8.9,9.9,8.5,Not Curved,VESA 100x100,0.9,inf,inf,No,No Backlight,240.0,270.0,270.0,451.0,258.0,258.0,27.86,70,70,70,70,70,70,70,70,0.255,3.59,OLED,RGWB,10,240,480,3840 x 2160,16:9,No,240,1 (DP 1.4),2 (HDMI 2.1),1
MSI MPG 341CQPX QD-OLED,2024,34,9.1,9.1,7.0,8.8,897.48,MSI,6.8,9.9,9.5,10,8.6,1800R,VESA 100x100,0.9,inf,inf,No,No Backlight,230.0,258.0,257.0,423.0,266.0,265.0,30,70,70,70,70,70,70,70,70,0.202,2.85,QD-OLED,Triangular RGB,10,240,240,3440 x 1440,21:9,No,240,1 (DP 1.4),2 (HDMI 2.1),1
ASUS TUF VG27AQ,2019,27,6.5,5.9,7.4,7.1,246,ASUS,6.9,5.8,4.7,6.9,8,Not Curved,VESA 100x100,1.0,1247.0,,No,Edge,311.0,328.0,328.0,329.0,357.0,357.0,131.5,45,49,51,56,45,50,70,70,1.784,2.84,IPS,RGB,8,144,165,2560 x 1440,16:9,Yes,144,1 (DP 1.2),2 (HDMI 2.0),0
Dell Alienware AW2724DM,2023,27,7.3,7.1,7.6,7.4,299.95,Dell,7.9,8,5.4,6.7,8.8,Not Curved,VESA 100x100,0.65,989.0,671.0,Yes,Edge,391.0,399.0,399.0,586.0,623.0,621.0,24.11,42,40,48,47,48,47,70,70,2.302,2.69,IPS,RGB,10,165,180,2560 x 1440,16:9,Yes,144,2 (DP 1.4),1 (HDMI 2.0),0
ASUS ROG Strix OLED XG32UCWMG,2025,32,9.2,9.2,7.9,9.0,0,ASUS,7.2,9.8,8.9,9.9,8.5,Not Curved,VESA 100x100,0.8,inf,inf,No,No Backlight,269.0,255.0,254.0,536.0,252.0,252.0,28.09,70,70,70,68,70,70,70,70,0.291,2.87,OLED,RGWB,10,240,480,3840 x 2160,16:9,No,240,1 (DP 1.4),2 (HDMI 2.1),1
LG 27GR83Q-B,2023,27,7.2,7.8,7.6,7.2,349.99,LG,7.7,7.6,5,6.5,8.3,Not Curved,VESA 100x100,0.6,1201.0,,No,Edge,452.0,474.0,474.0,489.0,504.0,504.0,68.8,33,32,46,46,37,37,70,70,2.486,4.82,IPS,RGB,10,240,240,2560 x 1440,16:9,Yes,240,1 (DP 1.4),2 (HDMI 2.1),0
LG 27GR93U-B,2023,27,7.1,8,8.3,7.7,499.98,LG,7.7,7.7,5,7.1,8.5,Not Curved,VESA 100x100,0.83,1020.0,,No,Edge,438.0,471.0,471.0,501.0,535.0,534.0,79.70,40,39,46,47,44,45,70,70,1.28,2.54,IPS,RGB,10,144,144,3840 x 2160,16:9,Yes,144,1 (DP 1.4),2 (HDMI 2.1),0
Dell Alienware AW3225DM,2025,32,7.6,7.3,7.4,7.4,315,Dell,7.7,7.8,6.4,7.6,8.5,1500R,VESA 100x100,0.8,4073.0,2281.0,Yes,Edge,510.0,527.0,526.0,468.0,503.0,502.0,35.18,32,31,34,37,32,33,11,11,1.931,2.37,VA,RGB,10,180,180,2560 x 1440,16:9,Yes,144,1 (DP 1.4),2 (HDMI 2.0),0
Dell Alienware AW2725QF,2024,27,7.5,8.2,8.4,7.7,440.16,Dell,7.9,7.8,5.8,6.5,8.9,Not Curved,VESA 100x100,0.8,1154.0,1144.0,Yes,Edge,454.0,456.0,456.0,560.0,693.0,691.0,34.91,29,30,35,40,33,35,70,70,1.849,2.39,IPS,RGB,10,165,360,3840 x 2160,16:9,Yes,180,1 (DP 1.4),2 (HDMI 2.1),1
LG 34GS95QE-B,2024,34  / 34,9.0,8.9,7.2,8.8,0 919,LG,6.9,9.9,8.7,9.9,9,800R,VESA 100x100,0.65,inf,inf,No,No Backlight,229.0,245.0,244.0,430.0,253.0,253.0,14.15,70,70,70,70,70,70,70,70,0.146,2.05,OLED,RWBG,10,240,240,3440 x 1440,21:9,No,240,1 (DP 1.4),2 (HDMI 2.1),0
LG 27G850A-B,2025,27,7.6,8.2,8.4,7.7,596.99,LG,8.4,7.2,6.3,7.1,8.2,Not Curved,VESA 100x100,0.9,1734.0,1754.0,Yes,Edge,413.0,410.0,410.0,780.0,759.0,756.0,42.08,29,28,41,47,32,31,70,70,2.059,3.49,IPS,RGB,10,240,480,3840 x 2160,16:9,Yes,240,1 (DP 2.1),2 (HDMI 2.1),0
LG 32GR93U-B,2023,32,7.3,8.2,8.1,7.8,547.23,LG,7.5,8,5.4,7.4,8.9,Not Curved,VESA 100x100,0.8,1316.0,,No,Edge,379.0,451.0,451.0,456.0,502.0,501.0,75.36,31,32,40,41,35,37,70,70,1.266,1.4,IPS,RGB,10,144,144,3840 x 2160,16:9,Yes,144,1 (DP 1.4),2 (HDMI 2.1),0
Samsung Odyssey OLED G9/G95SC S49CG95,2023,49,9.1,8.2,6.9,8.9,1099.99,Samsung,6.8,9.8,9.5,10,8.7,1800R,VESA 100x100,1.01,inf,inf,No,No Backlight,236.0,239.0,236.0,421.0,263.0,259.0,64.32,70,70,70,70,70,70,70,70,0.154,2.55,QD-OLED,Triangular RGB,10,240,240,5120 x 1440,32:9,No,240,1 (DP 1.4),1 (Micro-HDMI)  1 (HDMI 2.1),3
AOC AGON PRO AG276QZD2,2024,27,8.9,7.5,7.1,8.7,449.99,AOC,6.8,9.9,8.3,10,8.8,Not Curved,VESA 100x100,0.8,inf,inf,No,No Backlight,251.0,254.0,250.0,427.0,253.0,251.0,14,70,70,70,70,70,70,70,70,0.323,3.57,QD-OLED,Triangular RGB,10,240,240,2560 x 1440,16:9,No,144,2 (DP 1.4),2 (HDMI 2.0),0
MSI MPG 321URX QD-OLED,2024,32  / 32,9.1,9.4,7.5,9.1,885.7 979.45,MSI,6.8,9.9,9.5,10,8.9,Not Curved,VESA 100x100,1.0,inf,inf,No,No Backlight,241.0,245.0,244.0,417.0,260.0,259.0,29.51,70,70,70,70,70,70,70,70,0.236,1.53,QD-OLED,Triangular RGB,10,240,240,3840 x 2160,16:9,No,240,1 (DP 1.4),2 (HDMI 2.1),1
Gigabyte AORUS FO27Q3,2024,27,9.3,9.2,7.3,9.0,599.99,Gigabyte,7.3,9.9,9.5,10,9.2,Not Curved,VESA 100x100,1.2,inf,inf,No,No Backlight,319.0,258.0,256.0,441.0,266.0,264.0,20,70,70,70,70,70,70,70,70,0.177,1.15,QD-OLED,Triangular RGB,10,360,360,2560 x 1440,16:9,No,360,1 (DP 1.4),2 (HDMI 2.1),1
Dell S2725QC,2025,27,6.1,7.3,8.4,7.8,299.99,Dell,7,4.2,4.8,7.5,8.8,Not Curved,VESA 100x100,0.8,1445.0,,No,Edge,325.0,340.0,339.0,349.0,359.0,359.0,32.42,45,43,48,52,47,46,70,70,0.962,2.76,IPS,RGB,10,120,120,3840 x 2160,16:9,Yes,120,No,2 (HDMI 2.1),2
Samsung Odyssey G50D S27DG50,2024,27,7.1,6.6,7.8,7.3,199.99,Samsung,7.5,7.3,5.5,6.9,8.3,Not Curved,VESA 100x100,0.81,1221.0,1239.0,Yes,Edge,404.0,427.0,426.0,415.0,432.0,432.0,58.01,34,39,47,57,40,44,70,70,1.645,2.92,IPS,RGB,10,180,180,2560 x 1440,16:9,Yes,144,1 (DP 1.2),1 (HDMI 2.0),0
MSI MPG 271QRX QD-OLED,2024,27,9.2,9.1,7.1,8.8,639.99,MSI,6.8,9.9,9.4,9.9,8.7,Not Curved,VESA 100x100,1.16,inf,inf,No,No Backlight,245.0,256.0,254.0,403.0,257.0,256.0,26.99,70,70,70,70,70,70,70,70,0.225,0.99,QD-OLED,Triangular RGB,10,360,360,2560 x 1440,16:9,No,360,1 (DP 1.4),2 (HDMI 2.1),1
Samsung Odyssey OLED G80SD S32DG80,2024,32  / 32,9.1,9.4,8.2,9.0,899.99 1249.99,Samsung,6.8,9.8,9.4,10,8.3,Not Curved,VESA 100x100,0.8,inf,inf,No,No Backlight,238.0,251.0,249.0,403.0,283.0,280.0,15.89,70,70,70,70,70,70,70,70,0.269,3.67,QD-OLED,Triangular RGB,10,240,240,3840 x 2160,16:9,No,240,1 (DP 1.4),2 (HDMI 2.1),0
LG 45GX950A-B,2025,45,9.0,9.2,7.7,9.0,1497,LG,7.2,9.7,8.7,10,9.1,800R,VESA 100x100,1.0,inf,inf,No,No Backlight,246.0,270.0,269.0,467.0,285.0,284.0,15.34,70,70,70,70,70,70,70,70,0.16,1.8,OLED,RGWB,10,165,330,5120 x 2160,21:9,No,165,1 (DP 2.1),2 (HDMI 2.1),1
ASUS ProArt Display PA279CRV,2023,27,6.2,5.3,8.5,7.7,488.95,ASUS,7.3,5.6,5.5,6.9,8.9,Not Curved,VESA 100x100,0.61,920.0,939.0,Yes,Edge,353.0,376.0,376.0,410.0,445.0,444.0,38.52,38,38,39,41,45,45,28,70,1.75,1.57,IPS,RGB,10,60,60,3840 x 2160,16:9,Yes,60,1 (DP 1.4),2 (HDMI 2.0),2
Samsung Odyssey OLED G81SF S27FG810S,2025,27,9.1,9.4,8.4,9.2,879.99,Samsung,6.8,9.8,9.4,9.9,9,Not Curved,VESA 100x100,1.2,inf,inf,No,No Backlight,252.0,235.0,192.0,427.0,196.0,195.0,66.71,70,70,70,70,70,70,70,70,0.247,2.16,QD-OLED,Triangular RGB,10,240,240,3840 x 2160,16:9,No,240,1 (DP 1.4),2 (HDMI 2.1),0
Gigabyte AORUS FO32U2P,2024,32,9.1,9.4,8.0,9.2,0,Gigabyte,7.2,9.9,9.4,10,9.2,Not Curved,VESA 100x100,0.98,inf,inf,No,No Backlight,302.0,252.0,250.0,411.0,254.0,252.0,18.5,70,70,70,70,70,70,70,70,0.227,2.14,QD-OLED,Triangular RGB,10,240,240,3840 x 2160,16:9,No,240,1 (DP 2.1),2 (HDMI 2.1),1
LG C5 42 OLED,2025,42,8.8,9.3,6.5,8.7,896.99,LG,7.5,9.8,8.9,9.9,8.8,Not Curved,VESA 300x200,0.75,inf,inf,No,No Backlight,247.0,234.0,182.0,727.0,148.0,145.0,39.96,50,53,32,38,63,62,70,70,0.214,2.96,OLED,RWBG,10,120,144,3840 x 2160,16:9,No,144,No,4 (HDMI 2.1),0
Dell Alienware AW2725DF,2024,27,9.2,8.3,7.0,9.0,599.99,Dell,6.6,9.9,9.4,10,9.5,Not Curved,VESA 100x100,1.1,inf,inf,No,No Backlight,211.0,237.0,235.0,407.0,251.0,249.0,16.6,70,70,70,70,70,70,70,70,0.206,0.9,QD-OLED,Triangular RGB,10,360,360,2560 x 1440,16:9,No,144,2 (DP 1.4),1 (HDMI 2.0),1
LG 32GS95UE-B,2024,32,9.2,9.2,8.2,8.7,1178.89,LG,7,9.9,8.9,9.9,7.7,Not Curved,VESA 100x100,0.78,inf,inf,No,No Backlight,224.0,252.0,252.0,452.0,280.0,278.0,16.53,70,70,70,70,70,70,70,70,0.171,3.78,OLED,RGWB,10,240,480,3840 x 2160,16:9,No,240,1 (DP 1.4),2 (HDMI 2.1),0
Samsung Odyssey Neo G8 S32BG85,2022,32,8.2,8.7,8.5,8.2,799.99,Samsung,7.7,8.3,7.8,8.2,8.8,1000R,VESA 100x100,0.92,3593.0,22042.0,Yes,Full-Array,379.0,340.0,339.0,422.0,318.0,317.0,15.1,31,30,57,60,35,33,15,15,1.061,2.46,VA,RGB,10,240,240,3840 x 2160,16:9,Yes,240,1 (DP 1.4),2 (HDMI 2.1),0
LG 27GS95QE-B,2024,27,9.0,9,7.3,8.8,684.99,LG,7.1,9.9,8.8,9.9,9,Not Curved,VESA 100x100,1.0,inf,inf,No,No Backlight,271.0,261.0,260.0,439.0,265.0,264.0,18.02,70,70,70,70,70,70,70,70,0.168,1.79,OLED,RWBG,10,240,240,2560 x 1440,16:9,No,240,1 (DP 1.4),2 (HDMI 2.1),0
Dell Alienware AW2725Q,2025,27,9.0,9.3,8.1,8.9,899.99,Dell,6.6,9.7,9.3,9.9,8,Not Curved,VESA 100x100,1.0,inf,inf,No,No Backlight,216.0,257.0,255.0,366.0,260.0,258.0,29.23,70,70,70,70,70,70,70,70,0.343,4.85,QD-OLED,Triangular RGB,10,240,240,3840 x 2160,16:9,No,240,1 (DP 1.4),2 (HDMI 2.1),1
Dell Alienware AW3425DWM,2025,34,7.6,7.3,7.5,7.5,299.99,Dell,7.7,7.7,6.3,7.9,8.4,1500R,VESA 100x100,0.8,3992.0,3990.0,Yes,Edge,432.0,464.0,463.0,473.0,502.0,501.0,39.48,32,32,41,45,35,34,15,15,1.462,5.08,VA,RGB,10,180,180,3440 x 1440,21:9,Yes,180,1 (DP 1.4),2 (HDMI 2.1),0
Xiaomi G Pro 27i,2024,27,7.9,6.9,7.9,7.7,0,Xiaomi,9,7.8,7.9,7,8.4,Not Curved,VESA 75x75,1.0,1488.0,8208.0,Yes,Full-Array,773.0,891.0,889.0,1006.0,1250.0,1044.0,44.6,26,28,48,44,30,31,70,70,2.472,4.54,IPS,RGB,10,180,180,2560 x 1440,16:9,Yes,144,2 (DP 1.4),2 (HDMI 2.0),0
Dell Alienware AW3225QF,2024,32,9.0,9,7.5,9.3,1199.99,Dell,6.8,9.7,9.4,10,9.6,1700R,VESA 100x100,1.0,inf,inf,No,No Backlight,234.0,245.0,244.0,420.0,249.0,247.0,25.64,70,70,70,70,70,70,70,70,0.162,0.76,QD-OLED,Triangular RGB,10,240,240,3840 x 2160,16:9,No,240,1 (DP 1.4),2 (HDMI 2.1),1
ASUS ROG Strix XG27ACS,2024,27  / 27,7.3,6.9,7.7,7.6,284.04 0,ASUS,7.4,8,5.1,7.1,9.1,Not Curved,VESA 100x100,0.88,1155.0,,No,Edge,392.0,414.0,414.0,414.0,439.0,438.0,36.35,32,31,53,56,44,38,70,70,1.479,1.8,IPS,RGB,10,180,180,2560 x 1440,16:9,Yes,144,1 (DP 1.4),1 (HDMI 2.0),1
LG 27GX790A-B,2024,27,9.2,9,7.1,8.6,894.22,LG,6.7,9.9,8.9,9.9,8.4,Not Curved,VESA 100x100,0.77,inf,inf,No,No Backlight,181.0,223.0,222.0,445.0,269.0,242.0,11.7,70,70,61,68,70,70,70,70,0.323,5.21,OLED,RGWB,10,480,480,2560 x 1440,16:9,No,480,1 (DP 2.1),2 (HDMI 2.1),0
Dell U3225QE,2025,32,6.4,7.9,8.4,8.0,0,Dell,8,4.1,6.1,7.5,8.6,Not Curved,VESA 100x100,0.81,2252.0,1144.0,Yes,Edge,468.0,486.0,486.0,570.0,631.0,629.0,34.3,43,42,54,56,45,45,70,70,1.488,3.85,IPS,RGB,10,120,120,3840 x 2160,16:9,Yes,120,1 (DP 1.4),1 (HDMI 2.1),5
Dell S2725QS,2025,27,6.1,7.3,8.4,7.9,229.99,Dell,7.2,4.2,4.9,7.4,8.9,Not Curved,VESA 100x100,0.8,1386.0,,No,Edge,362.0,344.0,344.0,386.0,365.0,365.0,36.5,43,45,51,59,45,49,70,70,1.227,2.14,IPS,RGB,10,120,120,3840 x 2160,16:9,Yes,120,1 (DP 1.4),2 (HDMI 2.1),0
Dell U4025QW,2024,40,6.3,5.8,8.1,8.0,1495,Dell,7.7,3.9,6.2,7.5,8.9,2500R,VESA 100x100,0.96,1918.0,2011.0,Yes,Edge,297.0,290.0,290.0,619.0,601.0,600.0,25.67,36,33,45,47,42,39,70,70,1.056,2.2,IPS,RGB,10,120,120,5120 x 2160,21:9,Yes,120,1 (DP 1.4),1 (HDMI 2.1),5
Samsung Odyssey OLED G60SD S27DG602S,2024,27,9.2,7.7,7.4,9.0,749.99,Samsung,6.9,9.7,9.5,10,9.1,Not Curved,VESA 100x100,0.83,inf,inf,No,No Backlight,253.0,256.0,254.0,438.0,259.0,257.0,15.68,70,70,70,70,70,70,70,70,0.269,1.56,QD-OLED,Triangular RGB,10,360,360,2560 x 1440,16:9,No,360,1 (DP 1.4),2 (HDMI 2.1),0
Dell U2725QE,2025,27,6.5,7.9,8.5,7.9,642.59,Dell,8.1,4.4,6.2,7.5,8.1,Not Curved,VESA 100x100,0.8,2410.0,1536.0,Yes,Edge,426.0,422.0,421.0,663.0,684.0,682.0,30.48,43,44,66,70,45,47,70,70,1.494,5.58,IPS,RGB,10,120,120,3840 x 2160,16:9,Yes,120,1 (DP 1.4),1 (HDMI 2.1),5
Dell Alienware AW3425DW,2025,34,9.1,9.1,6.9,9.0,799.99,Dell,6.8,9.8,9.4,10,9.4,1800R,VESA 100x100,1.15,inf,inf,No,No Backlight,235.0,238.0,237.0,452.0,264.0,262.0,18.86,70,70,70,70,70,70,70,70,0.373,1.58,QD-OLED,Triangular RGB,10,240,240,3440 x 1440,21:9,No,240,1 (DP 1.4),2 (HDMI 2.1),1
AOC Q27G40XMN,2025,27,8.1,7.3,7.3,8.0,249.99,AOC,8.9,8,8.1,7.9,9,Not Curved,VESA 100x100,0.8,4361.0,21609.0,Yes,Full-Array,505.0,564.0,562.0,1197.0,899.0,893.0,38.18,25,26,30,38,26,27,36,40,2.233,2.05,VA,RGB,10,180,180,2560 x 1440,16:9,Yes,144,1 (DP 1.2),1 (HDMI 2.0),0
BenQ MOBIUZ EX321UX,2024,32,7.9,8.5,8.4,8.2,1049.99,BenQ,9.3,8.3,7.6,7.4,8.8,Not Curved,VESA 100x100,0.8,1272.0,4489.0,Yes,Full-Array,1435.0,1539.0,1534.0,1232.0,1454.0,1448.0,35.97,30,30,40,47,34,35,70,70,1.169,3.02,IPS,RGB,10,144,144,3840 x 2160,16:9,Yes,144,1 (DP 2.1),3 (HDMI 2.1),3
ASUS ROG Swift OLED PG32UCDM,2024,32,9.1,9.2,7.6,8.9,1299,ASUS,7,9.9,9.4,10,8.2,Not Curved,VESA 100x100,1.05,inf,inf,No,No Backlight,286.0,255.0,253.0,397.0,255.0,254.0,12.95,70,70,70,70,70,70,70,70,0.214,6.02,QD-OLED,Triangular RGB,10,240,240,3840 x 2160,16:9,No,240,1 (DP 1.4),2 (HDMI 2.1),1
Acer Nitro XV275K P3biipruzx,2023,27,7.7,8.5,8.8,8.1,0,Acer,8.8,7.9,7.2,7.2,9,Not Curved,VESA 75x75,0.9,1141.0,1487.0,Yes,Full-Array,571.0,644.0,643.0,977.0,1335.0,922.0,82.13,32,28,44,41,36,33,70,70,1.462,0.95,IPS,RGB,10,160,160,3840 x 2160,16:9,Yes,144,1 (DP 1.4),2 (HDMI 2.1),1
AOC Q27G3XMN,2023,27,8.2,7.4,7.6,7.9,259.99,AOC,8.3,8.5,8,8.2,8.8,Not Curved,VESA 100x100,0.8,4508.0,9613.0,Yes,Full-Array,327.0,382.0,380.0,810.0,966.0,949.0,34.47,27,25,26,26,30,28,15,15,1.426,2.02,VA,RGB,10,165,180,2560 x 1440,16:9,Yes,144,1 (DP 1.4),2 (HDMI 2.0),0
ASUS ROG Strix OLED XG27AQDMG,2024,27  / 27,9.0,8.3,7.1,8.6,686.62 689.99,ASUS,7.5,9.9,9,9.9,8.3,Not Curved,VESA 100x100,0.99,inf,inf,No,No Backlight,334.0,274.0,273.0,504.0,264.0,264.0,30,70,70,48,63,70,70,70,70,0.159,3.44,OLED,RWBG,10,240,240,2560 x 1440,16:9,No,144,1 (DP 1.4),2 (HDMI 2.0),0
ASUS ROG Strix OLED XG27ACDNG,2024,27,9.2,9.1,7.3,8.9,699.99,ASUS,7.2,9.8,9.5,10,8.9,Not Curved,VESA 100x100,0.9,inf,inf,No,No Backlight,322.0,245.0,244.0,413.0,252.0,250.0,12.7,70,70,70,70,70,70,70,70,0.293,1.74,QD-OLED,Triangular RGB,10,360,360,2560 x 1440,16:9,No,360,1 (DP 1.4),2 (HDMI 2.1),1
ASUS ROG Swift OLED PG27UCDM,2025,27,9.1,9.4,8.3,9.3,1199,ASUS,7.2,9.9,9.4,10,9.2,Not Curved,VESA 100x100,1.2,inf,inf,No,No Backlight,317.0,254.0,252.0,412.0,261.0,259.0,14.47,70,70,68,64,70,70,70,70,0.313,1.22,QD-OLED,Triangular RGB,10,240,240,3840 x 2160,16:9,No,240,1 (DP 2.1),2 (HDMI 2.1),1
AOC 24G15N,2023,24,6.7,4.9,6.5,7.2,0,AOC,6,5,5.6,8.2,8.2,Not Curved,VESA 100x100,0.54,4110.0,,No,Edge,226.0,218.0,218.0,248.0,294.0,294.0,55.06,49,48,68,64,43,42,15,14,1.041,5.37,VA,RGB,8,180,180,1920 x 1080,16:9,Yes,180,1 (DP 1.4),1 (HDMI 2.0),0
ViewSonic XG2431,2021,24,7.2,5.9,7.3,7.0,279.99,ViewSonic,7.5,8.1,4.6,6.2,8.5,Not Curved,VESA 100x100,0.6,900.0,,No,Edge,332.0,344.0,343.0,501.0,501.0,499.0,76.6,48,49,55,60,49,49,70,70,2.636,2.92,IPS,RGB,10,240,240,1920 x 1080,16:9,Yes,240,1 (DP 1.4),2 (HDMI 2.0),0
Dell S2721QS,2020,27,5.9,4.5,8.5,7.4,319.63,Dell,7.2,4.7,4.8,7.2,7.7,Not Curved,VESA 100x100,0.74,1221.0,,No,Edge,362.0,374.0,373.0,370.0,385.0,384.0,31.7,40,44,58,62,44,48,70,70,1.208,3.02,IPS,RGB,10,60,60,3840 x 2160,16:9,Yes,60,1 (DP 1.2),2 (HDMI 2.0),0
LG 27GR95QE-B,2023,27,8.8,8.8,7.2,8.6,778.15,LG,6.2,9.3,8.7,9.9,8.8,Not Curved,VESA 100x100,0.96,inf,inf,No,No Backlight,172.0,196.0,196.0,424.0,136.0,136.0,14.13,70,70,63,70,70,70,70,70,0.41,2.05,OLED,RWBG,10,240,240,2560 x 1440,16:9,No,240,1 (DP 1.4),2 (HDMI 2.1),0
Samsung Odyssey OLED G85SB S34BG85,2023,34,8.9,8.2,7.5,8.7,779.99,Samsung,6.6,9.8,9.5,9.9,8.4,1800R,VESA 100x100,1.1,inf,inf,No,No Backlight,230.2,243.0,241.0,372.0,255.0,252.0,61.32,70,70,70,70,70,70,70,70,0.433,4.86,QD-OLED,Triangular RGB,10,175,175,3440 x 1440,21:9,No,175,No,1 (Micro-HDMI),2
Dell Alienware AW3423DWF,2022,34,8.9,8.3,7.6,9.0,549.99,Dell,6.7,9.9,9.3,9.9,9.4,1800R,VESA 100x100,0.8,inf,inf,No,No Backlight,237.0,242.0,240.0,409.0,253.0,251.0,16.96,70,70,70,70,70,70,70,70,0.149,0.69,QD-OLED,Triangular RGB,10,165,165,3440 x 1440,21:9,No,100,2 (DP 1.4),1 (HDMI 2.0),0
Dell Alienware AW2723DF,2022,27,7.1,6.5,7.5,7.3,375.99,Dell,7.6,7.3,5.2,6,8.9,Not Curved,VESA 100x100,0.44,1020.0,1354.0,Yes,Edge,347.0,384.0,384.0,497.0,712.0,710.0,28.76,37,38,43,46,41,43,70,70,3.319,2.36,IPS,RGB,10,240,280,2560 x 1440,16:9,Yes,144,1 (DP 1.4),2 (HDMI 2.0),0
Samsung Smart Monitor M80D S32DM80,2024,32,6.5,4.9,8.3,7.7,499.99,Samsung,7.6,5.4,6,8.3,8.3,Not Curved,VESA 100x100,0.7,4660.0,,No,Edge,440.0,464.0,462.0,453.0,462.0,462.0,70.6,22,22,21,22,32,32,17,17,0.912,3.39,VA,RGB,10,60,60,3840 x 2160,16:9,Yes,60,No,1 (HDMI 2.0),1
Dell G2725D,2024,27,6.4,4.3,7.2,6.5,268.99,Dell,3.3,7.3,2.8,6.7,7.8,Not Curved,VESA 100x100,0.9,1782.0,,No,Edge,388.0,409.0,408.0,,,,83,26,27,54,55,27,28,70,70,2.589,5.18,IPS,RGB,10,180,180,2560 x 1440,16:9,Yes,144,1 (DP 1.4),2 (HDMI 2.0),0
LG 27GR95UM-B,2024,27,7.5,8.4,8.2,7.7,0,LG,8.7,7.5,6.7,7.2,7.9,Not Curved,VESA 100x100,0.5,961.0,2594.0,Yes,Full-Array,455.0,476.0,476.0,799.0,1408.0,853.0,18.42,27,28,33,37,31,32,70,70,1.497,4.4,IPS,RGB,10,144,160,3840 x 2160,16:9,Yes,160,1 (DP 1.4),2 (HDMI 2.1),0
Dell Alienware AW3423DW,2022,34,9.0,7.5,7.6,9.0,749.95,Dell,6.9,9.8,9.4,9.9,9.2,1800R,VESA 100x100,0.92,inf,inf,No,No Backlight,236.0,246.0,243.0,484.0,261.0,259.0,22.33,70,70,70,70,70,70,70,70,0.111,1.21,QD-OLED,Triangular RGB,10,175,175,3440 x 1440,21:9,No,100,1 (DP 1.4),2 (HDMI 2.0),0
LG 32GQ950-B,2022,32,7.4,8.3,7.9,7.7,2240.16,LG,8,8.2,6,6.7,8.5,Not Curved,VESA 100x100,1.05,982.0,991.0,Yes,Edge,332.0,367.0,367.0,558.0,1126.0,615.0,13.62,39,36,51,55,42,41,70,70,1.291,3.87,IPS,RGB,10,144,160,3840 x 2160,16:9,Yes,144,1 (DP 1.4),2 (HDMI 2.1),0
Dell U2723QE,2022,27,6.0,4.6,8.1,7.8,556.76,Dell,7.2,4.4,5.8,7.1,8.7,Not Curved,VESA 100x100,0.75,1978.0,1811.0,Yes,Edge,340.0,341.0,341.0,412.0,414.0,413.0,33.49,43,43,49,54,45,45,70,70,1.951,3.08,IPS,RGB,10,60,60,3840 x 2160,16:9,Yes,60,1 (DP 1.4),1 (HDMI 2.0),3
Samsung Odyssey G55C S27CG55,2024,27,6.1,5.9,7.0,7.0,249.99,Samsung,6.9,4.7,5.2,6.5,8.5,1000R,VESA 75x75,1.0,2922.0,,No,Edge,319.0,336.0,335.0,327.0,342.0,342.0,38.4,30,26,40,36,31,28,14,11,3.384,4.39,VA,RGB,10,165,165,2560 x 1440,16:9,Yes,144,1 (DP 1.2),1 (HDMI 2.0),0
Dell U3223QE,2022,32,6.0,4.6,8.1,8.0,828.9,Dell,7.3,4.5,5.4,7.8,9.1,Not Curved,VESA 100x100,0.8,2104.0,2240.0,Yes,Edge,370.0,400.0,400.0,404.0,449.0,448.0,36,45,42,55,58,45,44,70,70,0.928,1.83,IPS,RGB,10,60,60,3840 x 2160,16:9,Yes,60,1 (DP 1.4),1 (HDMI 2.0),3
LG 27GP950-B,2021,27,8.7,7.1,8.2,8.3,1070.99,LG,,,,,,Not Curved,VESA 100x100,0.5,1194.0,1171.0,Yes,Edge,420.0,406.0,406.0,696.0,676.0,412.0,75,38,37,50,52,42,42,70,70,2.957,3.44,IPS,RGB,10,144,160,3840 x 2160,16:9,Yes,144,1 (DP 1.4),2 (HDMI 2.1),0
ASUS ROG Swift 360Hz PG27AQN,2022,27,8.6,7,7.7,7.9,617.08,ASUS,,,,,,Not Curved,VESA 100x100,0.8,974.0,932.0,Yes,Edge,387.0,415.0,414.0,600.0,558.0,554.0,50.93,28,31,35,38,31,35,70,70,1.379,2.01,IPS,RGB,10,360,360,2560 x 1440,16:9,Yes,144,1 (DP 1.4),3 (HDMI 2.0),0
Dell Alienware AW2721D,2020,27,8.3,7,8.1,7.9,0,Dell,,,,,,Not Curved,VESA 100x100,0.54,1088.0,1026.0,Yes,Edge,545.0,479.0,474.0,562.0,481.0,470.0,38.15,39,39,54,55,44,44,70,70,2.769,2.66,IPS,RGB,10,240,240,2560 x 1440,16:9,Yes,144,1 (DP 1.4),2 (HDMI 2.0),0
LG 27GN950-B,2020,27,8.5,6.5,8.2,8.2,1294.98,LG,,,,,,Not Curved,VESA 100x100,0.6,1048.0,1051.0,Yes,Edge,423.0,424.0,424.0,454.0,730.0,445.0,83,37,36,53,55,42,42,70,70,4.222,4.45,IPS,RGB,10,144,160,3840 x 2160,16:9,Yes,60,1 (DP 1.4),2 (HDMI 2.0),0
Gigabyte GS27QC,2023,27,6.9,6.3,6.9,7.1,279.01,Gigabyte,5.8,6.4,5.5,7.7,8.2,1500R,VESA 100x100,0.77,4961.0,,No,Edge,220.0,224.0,224.0,225.0,250.0,250.0,37.15,25,25,29,29,28,27,18,18,1.643,3.05,VA,RGB,10,165,170,2560 x 1440,16:9,Yes,144,1 (DP 1.2),2 (HDMI 2.0),0
MSI Optix G321CU,2023,32,6.8,7.6,7.7,7.4,855.25,MSI,6.7,6.5,5.2,7.1,8.2,1500R,VESA 100x100,0.61,2174.0,,No,Edge,297.0,302.0,302.0,316.0,316.0,316.0,53.39,49,50,70,70,45,45,21,22,2.128,5.7,VA,RGB,10,144,144,3840 x 2160,16:9,Yes,144,1 (DP 1.4),2 (HDMI 2.1),1
Samsung Odyssey G55A S27AG55,2022,27,6.4,6,7.0,7.1,249,Samsung,6.3,5.1,5.1,7,8.5,1000R,VESA 75x75,0.954,2521.0,,No,Edge,245.0,257.0,257.0,293.0,306.0,306.0,50.43,30,27,40,41,31,28,12,11,2.324,3.72,VA,RGB,10,165,165,2560 x 1440,16:9,Yes,144,1 (DP 1.4),1 (HDMI 2.0),0
Corsair XENEON FLEX 45WQHD240,2022,45,8.9,8.8,6.1,8.4,0,Corsair,6.7,9.9,8.6,9.9,8.8,800R,No Mount,1.1,inf,inf,No,No Backlight,255.0,141.0,141.0,385.0,141.0,140.0,52.25,70,70,70,70,70,70,70,70,0.188,1.91,OLED,RWBG,10,240,240,3440 x 1440,21:9,No,240,1 (DP 1.4),2 (HDMI 2.1),2
Dell S3221QS,2020,32,6.9,6.9,7.7,7.9,0,Dell,,,,,,1800R,VESA 100x100,0.8,3194.0,,No,Edge,304.0,300.0,300.0,335.0,373.0,372.0,24,43,45,70,70,36,34,17,20,1.696,5.26,VA,RGB,10,60,60,3840 x 2160,16:9,Yes,60,1 (DP 1.2),2 (HDMI 2.0),0
Samsung Odyssey G51C S27CG51,2023,27,6.8,6.1,7.3,7.1,349.99,Samsung,6.3,6.3,5,8.2,7.7,Not Curved,VESA 100x100,0.6,2734.0,,No,Edge,242.0,250.0,249.0,279.0,297.0,296.0,42.15,34,34,70,70,43,43,20,22,0.748,7.86,VA,RGB,10,165,165,2560 x 1440,16:9,Yes,144,1 (DP 1.2),2 (HDMI 2.0),0
Samsung Odyssey Neo G9/G95NA S49AG95,2021,49,8.1,8,7.6,7.5,2199,Samsung,8.8,8.4,7.9,7.3,7.6,1000R,VESA 100x100,1.05,2866.0,14843.0,Yes,Full-Array,785.0,583.0,582.0,764.0,631.0,630.0,46,34,34,57,61,36,37,13,13,2.828,4.58,VA,RGB,10,240,240,5120 x 1440,32:9,Yes,144,1 (DP 1.4),2 (HDMI 2.1),0
LG 34GP83A-B,2020,34,7.1,6.5,7.3,7.3,1299.97,LG,7.3,7.7,5.1,6.7,8.7,1900R,VESA 100x100,1.02,956.0,,No,Edge,342.0,390.0,389.0,398.0,457.0,456.0,23.55,44,40,56,53,49,46,33,19,1.932,2.38,IPS,RGB,10,144,160,3440 x 1440,21:9,Yes,85,1 (DP 1.4),2 (HDMI 2.0),0
Dell G3223Q,2022,32,7.2,8.2,8.1,8.0,649.99,Dell,7.9,7.3,5.9,7,9.4,Not Curved,VESA 100x100,0.8,1236.0,1102.0,Yes,Edge,373.0,433.0,433.0,547.0,666.0,665.0,45,43,43,44,45,48,49,35,38,1.386,0.66,IPS,RGB,10,144,144,3840 x 2160,16:9,Yes,144,1 (DP 1.4),2 (HDMI 2.1),0
Gigabyte G34WQC,2020,34,8.0,6.9,7.5,7.6,0,Gigabyte,,,,,,1500R,VESA 100x100,1.0,3134.0,,No,Edge,381.0,371.0,371.0,499.0,487.0,487.0,63,24,26,46,52,27,28,15,18,1.629,4.21,VA,RGB,10,144,144,3440 x 1440,21:9,Yes,100,2 (DP 1.4),2 (HDMI 2.0),0
Lenovo Legion Y32p-30,2023,32,7.0,7.2,8.2,7.6,960.35,Lenovo,7.3,7.5,5,6.6,9,Not Curved,VESA 100x100,0.87,1193.0,1094.0,Yes,Edge,330.0,366.0,366.0,422.0,457.0,456.0,41.31,39,38,48,50,44,44,70,32,1.718,1.63,IPS,RGB,10,144,144,3840 x 2160,16:9,Yes,144,1 (DP 1.4),2 (HDMI 2.1),2
ASUS ROG Swift Pro PG248QP,2023,24,7.9,5.4,7.1,6.5,0,ASUS,7.2,9.1,4.9,7.1,7.2,Not Curved,VESA 100x100,1.03,1226.0,,No,Edge,343.0,384.0,383.0,379.0,412.0,412.0,30.62,22,24,26,24,34,35,22,24,1.429,8.58,TN,RGB,10,500,540,1920 x 1080,16:9,Yes,240,1 (DP 1.4),2 (HDMI 2.0),0
Gigabyte M32U,2021,32,7.1,7.9,8.2,7.7,0,Gigabyte,7.1,7.4,5.5,6.9,8.9,Not Curved,VESA 100x100,0.85,1125.0,1043.0,Yes,Edge,323.0,350.0,348.0,361.0,464.0,463.0,48,39,39,48,49,44,44,70,34,1.734,2.09,IPS,RGB,10,144,144,3840 x 2160,16:9,Yes,144,1 (DP 1.4),2 (HDMI 2.1),1
LG 45GR95QE-B,2023,45,9.0,9,7.6,8.7,2218.84,LG,,,,,,800R,VESA 100x100,0.49,inf,,No,No Backlight,172.0,204.0,203.0,497.0,139.0,139.0,14.32,70,70,70,70,70,70,70,70,0.138,1.18,OLED,RWBG,10,240,240,3440 x 1440,21:9,No,240,1 (DP 1.4),2 (HDMI 2.1),0
Cooler Master Tempest GP27U,2022,27,8.8,7.9,8.5,8.3,0,Cooler Master,,,,,,Not Curved,VESA 100x100,0.5,1072.0,2209.0,Yes,Full-Array,634.0,698.0,697.0,1127.0,1532.0,1368.0,51.86,27,32,39,45,31,36,70,70,1.684,7.83,IPS,RGB,10,160,160,3840 x 2160,16:9,Yes,144,1 (DP 1.4),2 (HDMI 2.1),1
LG 32GN650-B/32GN63T-B,2021,32  / 32,6.6,6.1,6.9,7.1,0 409,LG,6.7,5.3,5.4,7.9,8.3,Not Curved,VESA 100x100,0.8,3229.0,,No,Edge,264.0,298.0,298.0,332.0,373.0,373.0,45.36,28,29,47,52,30,30,16,17,1.163,2.9,VA,RGB,10,165,165,2560 x 1440,16:9,Yes,144,1 (DP 1.4),2 (HDMI 2.0),0
Dell S3222DGM,2021,32,7.7,3.7,7.3,7.1,344.99,Dell,,,,,,1800R,VESA 100x100,0.8,4365.0,,No,Edge,322.0,333.0,333.0,,,,32,27,28,70,70,28,30,14,15,1.057,3.29,VA,RGB,8,165,165,2560 x 1440,16:9,Yes,144,1 (DP 1.2),2 (HDMI 2.0),0
Dell G2724D,2023,27,7.3,7.1,7.9,7.6,275.1,Dell,7.5,7.8,5.4,7.2,8.9,Not Curved,VESA 100x100,0.74,1420.0,1379.0,Yes,Edge,426.0,441.0,440.0,428.0,458.0,458.0,36,34,37,51,59,38,42,70,70,1.398,2.27,IPS,RGB,10,165,165,2560 x 1440,16:9,Yes,144,2 (DP 1.4),1 (HDMI 2.0),0
Acer Predator X27U bmiipruzx,2023,27  / 27,8.9,8.7,8.2,8.9,1223.97 899.99,Acer,,,,,,Not Curved,VESA 100x100,0.9,inf,,No,No Backlight,211.0,212.0,211.0,311.0,213.0,212.0,16.75,70,70,61,70,70,70,70,70,0.143,3.71,OLED,RWBG,10,240,240,2560 x 1440,16:9,No,144,1 (DP 1.4),2 (HDMI 2.0),1
Samsung Odyssey G7 C32G75T,2020,27  / 32,7.7,6.8,7.6,7.3,0 0,Samsung,7.3,8.1,6.1,7.8,8.1,1000R,VESA 100x100,1.0,3912.0,3913.0,Yes,Edge,341.0,334.0,333.0,407.2352295,324.0,324.0,61.5,32,33,65,65,32,33,17,17,1.667,3.98,VA,RGB,10,240,240,2560 x 1440,16:9,Yes,144,2 (DP 1.4),1 (HDMI 2.0),0
Gigabyte M27Q (rev. 1.0),2020,27,7.1,6.5,7.4,7.3,0,Gigabyte,7.5,7.4,5.1,6.7,8.7,Not Curved,VESA 100x100,0.8,1184.0,,No,Edge,434.0,423.0,423.0,443.0,435.0,434.0,43,37,39,69,70,44,46,70,70,2.333,3.14,IPS,BGR,10,170,170,2560 x 1440,16:9,Yes,144,1 (DP 1.2),2 (HDMI 2.0),1
MSI Optix MAG274QRF-QD,2020,27,7.2,6.6,7.7,7.2,369,MSI,7.2,7.6,5.4,7.2,7.7,Not Curved,VESA 100x100,0.83,1195.0,,No,Edge,347.0,372.0,372.0,367.0,390.0,389.0,64.52,30,34,55,64,32,37,70,70,1.541,6.63,IPS,RGB,10,165,165,2560 x 1440,16:9,Yes,144,1 (DP 1.2),2 (HDMI 2.0),1
Acer Predator XB273U GXbmiipruzx,2020,27,7.3,6.6,7.8,7.7,0,Acer,7.6,7.2,5.5,7.2,9.2,Not Curved,VESA 100x100,0.85,1242.0,,No,Edge,473.0,488.0,488.0,453.0,469.0,468.0,49.5,35,35,56,56,39,40,70,70,1.588,1.35,IPS,RGB,10,240,270,2560 x 1440,16:9,Yes,144,1 (DP 1.4),2 (HDMI 2.0),1
LG 32GP850-B/32GP83B-B,2021,32  / 32,7.2,6.6,7.4,7.4,746.77 0,LG,7.4,7.7,5.1,6.9,8.9,Not Curved,VESA 100x100,0.79,1037.0,,No,Edge,394.0,412.0,412.0,416.0,440.0,429.0,66,43,45,48,53,46,47,70,70,1.737,2.51,IPS,RGB,10,165,180,2560 x 1440,16:9,Yes,144,1 (DP 1.4),2 (HDMI 2.0),0
Samsung Odyssey G50A S27AG50,2021,27,7.0,6.5,7.9,6.9,395,Samsung,7.6,7.7,4.7,6.7,7.7,Not Curved,VESA 100x100,0.75,1149.0,,No,Edge,429.0,453.0,452.0,463.0,476.0,475.0,61.4,31,31,38,38,34,34,70,70,2.02,7.55,IPS,RGB,10,165,165,2560 x 1440,16:9,Yes,144,1 (DP 1.2),1 (HDMI 2.0),0
ASUS ROG Swift PG279QM,2021,27,7.5,6.4,7.7,7.6,529,ASUS,7.5,7.9,6.2,6.8,8.8,Not Curved,VESA 100x100,0.78,1147.0,1169.0,Yes,Edge,348.0,363.0,363.0,469.0,432.0,430.0,41,35,34,51,53,41,41,70,70,1.448,2.3,IPS,RGB,10,240,240,2560 x 1440,16:9,Yes,144,1 (DP 1.4),3 (HDMI 2.0),0
LG 40WP95C-W,2022,40,6.0,4.6,7.9,7.6,1599.95,LG,6.4,5,5,7.2,8.6,2500R,VESA 100x100,1.15,1087.0,,No,Edge,254.0,280.0,280.0,283.0,322.0,322.0,41.66,43,42,48,54,49,49,38,24,1.334,3.03,IPS,RGB,10,72,72,5120 x 2160,21:9,Yes,30,1 (DP 1.4),2 (HDMI 2.0),2
Gigabyte M32UC,2022,32,7.2,8.1,8.3,7.6,679.99,Gigabyte,7.8,7.4,5.4,7.7,8.1,1500R,VESA 100x100,0.9,2776.0,,No,Edge,519.0,501.0,500.0,504.0,505.0,504.0,40.85,49,48,70,70,43,42,21,17,1.314,3.78,VA,RGB,10,144,160,3840 x 2160,16:9,Yes,160,1 (DP 1.4),2 (HDMI 2.1),1
Gigabyte M27Q X,2022,27,7.1,6.6,7.7,7.5,0,Gigabyte,7.7,7.3,4.9,6.8,9.1,Not Curved,VESA 100x100,0.86,1088.0,,No,Edge,434.0,459.0,459.0,482.0,509.0,508.0,40.83,40,39,66,67,44,43,70,70,1.999,0.86,IPS,RGB,10,240,240,2560 x 1440,16:9,Yes,144,1 (DP 1.4),2 (HDMI 2.0),1
Sony INZONE M9,2022,27,7.4,8.4,8.2,7.4,898,Sony,8.2,7.7,6.5,6.8,7.4,Not Curved,VESA 100x100,0.85,1046.0,1198.0,Yes,Full-Array,431.0,432.0,432.0,645.0,865.0,864.0,10.34,29,28,33,40,33,34,70,70,1.891,1.35,IPS,RGB,10,144,144,3840 x 2160,16:9,Yes,120,1 (DP 1.4),2 (HDMI 2.1),1
Dell Alienware AW2523HF,2022,25,7.2,5.7,7.4,6.8,249.99,Dell,7.5,7.7,4.7,6.3,8.1,Not Curved,VESA 100x100,0.6,1112.0,,No,Edge,401.0,384.0,384.0,442.0,450.0,449.0,37.56,37,34,59,56,40,38,70,70,2.653,2.46,IPS,RGB,10,360,360,1920 x 1080,16:9,Yes,255,1 (DP 1.4),2 (HDMI 2.0),0
BenQ ZOWIE XL2566K,2022,25,6.8,4.4,7.2,6.3,0,BenQ,3.1,8.4,2.5,6.8,8.4,Not Curved,VESA 100x100,1.5,1131.0,,No,Edge,315.0,306.0,303.0,,,,55.13,31,34,31,33,48,49,24,28,1.669,1.56,TN,RGB,8,360,360,1920 x 1080,16:9,Yes,240,1 (DP 1.4),2 (HDMI 2.0),0
Samsung Odyssey G7/G70B S32BG70,2022,32,7.2,8.1,8.2,7.6,599.99,Samsung,7.3,7.8,5.9,6.8,8.6,Not Curved,VESA 100x100,0.75,1233.0,1218.0,Yes,Edge,326.0,405.0,405.0,405.0,392.0,392.0,28.7,32,29,38,44,37,36,70,70,1.979,3.13,IPS,RGB,10,144,144,3840 x 2160,16:9,Yes,144,1 (DP 1.4),2 (HDMI 2.1),0
Dell Alienware AW2524H,2023,25,7.6,5.3,7.3,6.8,479.99,Dell,7.4,7.9,5.6,6.5,7.8,Not Curved,VESA 100x100,0.4,1031.0,1002.0,Yes,Edge,360.0,391.0,390.0,436.0,471.0,470.0,40.73,29,32,39,43,33,37,70,70,1.923,2.55,IPS,RGB,10,480,500,1920 x 1080,16:9,Yes,240,1 (DP 1.4),2 (HDMI 2.0),0
INNOCN 27M2V,2023,27,7.7,8.5,8.6,7.9,679.99,INNOCN,9,8.1,7.3,6.8,8.3,Not Curved,VESA 100x100,0.64,1098.0,2384.0,Yes,Full-Array,761.0,790.0,790.0,1098.0,1255.0,796.0,19.35,29,29,46,54,33,35,70,70,2.617,4.43,IPS,RGB,10,160,160,3840 x 2160,16:9,Yes,160,1 (DP 1.4),2 (HDMI 2.1),1
Gigabyte M27U,2023,27,7.2,8.1,8.3,7.6,0,Gigabyte,8,7.7,5.6,6.3,8.7,Not Curved,VESA 100x100,0.6,1072.0,1656.0,Yes,Edge,391.0,415.0,415.0,591.0,441.0,438.0,61.50,31,33,35,42,38,40,70,70,2.072,2.3,IPS,RGB,10,150,160,3840 x 2160,16:9,Yes,150,1 (DP 1.4),2 (HDMI 2.1),1
MSI MEG 342C QD-OLED,2023,34,9.0,9.1,7.5,8.8,0,MSI,6.5,9.8,9.5,9.9,8.7,1800R,VESA 100x100,0.88,inf,inf,No,No Backlight,218.0,238.0,236.0,343.0,248.0,247.0,26.46,70,70,70,70,70,70,70,70,0.202,0.99,QD-OLED,Triangular RGB,10,175,175,3440 x 1440,21:9,No,175,1 (DP 1.4),2 (HDMI 2.1),1
Corsair XENEON 27QHD240,2023,27,8.9,8.8,7.2,8.4,999.99,Corsair,6,9.9,8.5,9.9,8.1,Not Curved,VESA 100x100,0.6,inf,inf,No,No Backlight,161.0,113.0,113.0,316.0,138.0,138.0,40.10,70,70,57,70,70,70,70,70,0.181,3.52,OLED,RWBG,10,240,240,2560 x 1440,16:9,No,240,1 (DP 1.4),2 (HDMI 2.1),2
LG 49GR85DC-B,2023,49,7.6,8,7.4,7.3,999.99,LG,8.6,7.7,6.3,6.9,8.4,1000R,VESA 100x100,0.8,2168.0,2095.0,Yes,Edge,387.0,412.0,411.0,791.0,1246.0,840.0,9.7,39,37,35,35,36,34,13,12,2.263,4.32,VA,RGB,10,240,240,5120 x 1440,32:9,Yes,240,1 (DP 1.4),2 (HDMI 2.1),0
HP OMEN 27qs,2023,27,7.3,6,7.7,7.4,299.99,HP,7.8,7.9,5.5,6.4,8.7,Not Curved,VESA 100x100,0.61,998.0,695.0,Yes,Edge,403.0,424.0,423.0,550.0,585.0,584.0,38.43,32,33,53,54,37,39,70,70,1.838,3.2,IPS,RGB,10,240,240,2560 x 1440,16:9,Yes,144,1 (DP 1.4),2 (HDMI 2.0),0
Gigabyte M27Q (rev. 2.0),2022,27,6.6,6.2,7.5,7.6,0,Gigabyte,7.3,5.9,4.9,7,9.1,Not Curved,VESA 100x100,0.8,1021.0,,No,Edge,349.0,366.0,366.0,427.0,441.0,440.0,48.54,44,45,56,58,46,47,70,70,1.399,1.32,IPS,RGB,10,170,170,2560 x 1440,16:9,Yes,144,1 (DP 1.2),2 (HDMI 2.0),1
ASUS ROG Swift OLED PG34WCDM,2024,34,9.0,7.3,7.5,8.7,0,ASUS,7.2,9.9,8.9,9.9,8.7,800R,VESA 100x100,1.0,inf,inf,No,No Backlight,273.0,239.0,238.0,443.0,246.0,246.0,20.29,70,70,70,66,70,70,70,70,0.165,2.41,OLED,RWBG,10,240,240,3440 x 1440,21:9,No,240,1 (DP 1.4),2 (HDMI 2.1),1
MSI G274QPF-QD,2023,27,6.9,6.1,7.7,6.8,192.98,MSI,7.1,7.4,4.9,5.8,8.1,Not Curved,VESA 100x100,0.6,911.0,,No,Edge,310.0,358.0,358.0,365.0,432.0,431.0,79.27,26,27,45,51,28,30,70,70,3.499,3.21,IPS,RGB,10,165,170,2560 x 1440,16:9,Yes,144,1 (DP 1.4),2 (HDMI 2.0),1
BenQ ZOWIE XL2546X,2024,25,6.7,4.3,7.2,6.1,688.03,BenQ,3,8.3,2.6,7.2,7.4,Not Curved,VESA 100x100,1.67,1316.0,,No,Edge,283.0,293.0,293.0,,,,47.6,23,27,34,37,30,34,25,29,1.439,4.66,TN,RGB,8,240,240,1920 x 1080,16:9,Yes,240,1 (DP 1.2),3 (HDMI 2.0),0
Dell P2423D,2022,24,4.9,2.6,7.9,6.5,259.99,Dell,2.9,4.5,2.3,6.1,8,Not Curved,VESA 100x100,0.47,842.0,,No,Edge,283.0,271.0,271.0,,,,35.6,41,42,46,54,48,49,70,70,2.824,2.97,IPS,RGB,8,60,60,2560 x 1440,16:9,Yes,60,1 (DP 1.4),1 (HDMI 2.0),0
BenQ ZOWIE XL2586X,2024,25,7.0,4.5,7.2,5.9,899.99,BenQ,3,8.2,2.6,7.2,6.9,Not Curved,VESA 100x100,1.9,1339.0,,No,Edge,297.0,313.0,312.0,,,,40.77,25,29,41,41,32,37,22,26,1.52,1.92,TN,RGB,8,540,540,1920 x 1080,16:9,Yes,540,1 (DP 1.4),3 (HDMI 2.1),0
Dell P2425H,2024,24,5.2,2.4,7.1,6.3,239.99,Dell,2.6,4.2,2.5,6.7,7.8,Not Curved,VESA 100x100,0.5,1222.0,,No,Edge,228.0,240.0,240.0,,,,34.59,44,46,51,59,44,48,70,70,2.044,2.74,IPS,RGB,8,100,100,1920 x 1080,16:9,Yes,100,1 (DP 1.2),1 (HDMI 1.4),1
MSI MAG 274UPF,2023,27,7.1,8,8.5,7.6,623.3,MSI,7.5,7.5,5.3,7,8.4,Not Curved,VESA 100x100,0.8,1104.0,,No,Edge,386.0,419.0,419.0,452.0,477.0,476.0,95.32,30,29,34,40,33,33,70,70,1.736,4.2,IPS,RGB,10,144,144,3840 x 2160,16:9,Yes,144,1 (DP 1.4),2 (HDMI 2.1),1
Dell U3425WE,2024,34,5.2,3.7,7.6,6.9,699,Dell,3.2,3.5,2.8,6.6,9.1,1900R,VESA 100x100,0.85,1984.0,,No,Edge,337.0,328.0,328.0,,,,32,33,33,44,46,39,39,70,70,2.994,1.81,IPS,RGB,10,120,120,3440 x 1440,21:9,Yes,100,1 (DP 1.4),1 (HDMI 2.0),5
Samsung Odyssey G65D S32BG65D,2024,32,7.8,7.1,7.6,7.7,0,Samsung,7.9,7.9,6.7,7.9,9,1000R,VESA 100x100,0.57,3865.0,3988.0,Yes,Edge,469.0,502.0,502.0,497.0,472.0,472.0,38.07,32,30,38,37,33,31,13,12,1.146,1.95,VA,RGB,10,240,240,2560 x 1440,16:9,Yes,240,1 (DP 1.4),2 (HDMI 2.1),0
Dell S2722DGM,2021,27,7.6,3.4,7.5,7.1,299.99,Dell,,,,,,1500R,VESA 100x100,0.75,2948.0,,No,Edge,401.0,389.0,389.0,,,,35.83,43,47,70,70,46,49,17,20,1.81,4.77,VA,RGB,8,165,165,2560 x 1440,16:9,Yes,144,1 (DP 1.2),2 (HDMI 2.0),0
ASUS ROG Swift PG27UQR,2023,27,8.7,7,8.4,8.4,0,ASUS,,,,,,Not Curved,VESA 100x100,0.84,1067.0,1074.0,Yes,Edge,386.0,415.0,414.0,670.0,733.0,733.0,27.05,32,32,43,51,38,40,70,70,1.661,3.22,IPS,RGB,10,160,160,3840 x 2160,16:9,Yes,160,2 (DP 1.4),2 (HDMI 2.1),0
Samsung Smart Monitor M7/M70C S32CM70,2023,32  / 32,6.7,7.2,8.1,8.1,0 599.99,Samsung,,,,,,Not Curved,VESA 100x100,0.57,4237.0,,No,Edge,384.0,399.0,399.0,362.0,372.0,372.0,93.06,26,29,45,52,30,33,17,18,0.63,5.57,VA,RGB,10,60,60,3840 x 2160,16:9,Yes,60,No,1 (HDMI 2.0),1
ASUS ROG Swift OLED PG42UQ,2022,42,9.0,9.1,7.1,8.3,0,ASUS,,,,,,Not Curved,VESA 300x300,0.65,inf,,No,No Backlight,203.0,198.0,196.0,792.0,115.0,114.0,16.24,47,47,34,34,65,63,70,70,0.213,2.03,OLED,RWBG,10,120,138,3840 x 2160,16:9,No,138,1 (DP 1.4),2 (HDMI 2.1)  2 HDMI (2.0),0
Samsung Odyssey G65B S32BG65,2022,32,8.5,7.4,7.7,7.9,458,Samsung,,,,,,1000R,VESA 100x100,0.74,3515.0,3674.0,Yes,Edge,418.0,438.0,438.0,470.0,415.0,414.0,32.73,30,31,38,40,31,31,13,12,1.478,1.48,VA,RGB,10,240,240,2560 x 1440,16:9,Yes,240,1 (DP 1.4),2 (HDMI 2.1),0
Gigabyte M34WQ,2021,34,8.3,6.4,8.0,8.0,0,Gigabyte,,,,,,Not Curved,VESA 100x100,0.85,1074.0,,No,Edge,385.0,380.0,379.0,380.0,373.0,372.0,57,34,32,63,62,35,34,70,70,1.731,4.6,IPS,RGB,10,144,144,3440 x 1440,21:9,Yes,100,1 (DP 1.4),2 (HDMI 2.0),1
Gigabyte M28U,2021,28,8.6,6.5,8.2,8.3,0,Gigabyte,,,,,,Not Curved,VESA 100x100,0.7,1228.0,1224.0,Yes,Edge,262.0,312.0,312.0,447.0,500.0,497.0,33.65,38,39,47,50,42,44,70,70,3.306,1.57,IPS,RGB,10,144,144,3840 x 2160,16:9,Yes,144,1 (DP 1.4),2 (HDMI 2.1),1
ASUS VG246H,2021,24,6.3,2.7,7.6,7.2,0,ASUS,,,,,,Not Curved,VESA 100x100,0.62,1124.0,,No,Edge,273.0,257.0,256.0,,,,84.63,38,40,46,48,44,45,70,70,3.269,3.3,IPS,RGB,8,75,75,1920 x 1080,16:9,Yes,75,No,1 (HDMI 1.4),0
ASUS TUF Gaming VG249Q1A,2021,23.8,7.9,2.9,6.7,6.6,155,ASUS,,,,,,Not Curved,VESA 100x100,0.7,1132.0,,No,Edge,279.0,293.0,293.0,,,,48.69,33,33,46,50,36,36,70,70,2.378,2.36,IPS,RGB,8,144,165,1920 x 1080,16:9,Yes,144,1 (DP 1.2),2 (HDMI 1.4),0
LG C2 42 OLED,2022,42,8.9,8.9,7.0,8.1,896.99,LG,,,,,,Not Curved,VESA 300x200,0.66,inf,,No,No Backlight,189.5,182.0,177.0,575.0,133.0,108.0,28.58,44,47,28,28,63,62,70,70,0.094,4.18,OLED,RWBG,10,120,120,3840 x 2160,16:9,No,120,No,4 (HDMI 2.1),0
LG 27MN60T-W,2020,27,6.3,2.8,6.4,6.5,0,LG,,,,,,Not Curved,VESA 100x100,0.65,1097.0,,No,Edge,228.0,247.0,247.0,,,,69,47,44,53,53,47,46,70,70,2.979,2.57,IPS,RGB,8,75,75,1920 x 1080,16:9,Yes,75,No,2 (HDMI 1.4),0
Acer Nitro XF243Y Pbmiiprx,2020,23.8,8.1,5.9,7.8,7.8,0,Acer,,,,,,Not Curved,VESA 100x100,0.67,1006.0,,No,Edge,351.0,397.0,396.0,370.0,398.0,398.0,93.28,51,48,59,61,51,49,70,70,2.223,1.97,IPS,RGB,10,144,165,1920 x 1080,16:9,Yes,165,1 (DP 1.2),2 (HDMI 2.0),0
Samsung Odyssey G7 S28AG70,2021,28,8.6,6.4,8.3,8.2,0,Samsung,,,,,,Not Curved,VESA 100x100,0.75,1155.0,1176.0,Yes,Edge,285.0,315.0,314.0,315.0,345.0,344.0,27.81,40,41,47,49,43,44,70,70,1.702,4.78,IPS,RGB,10,144,144,3840 x 2160,16:9,Yes,144,1 (DP 1.4),2 (HDMI 2.1),0
espresso Display 15 Touch,2022,15,5.1,3.2,7.0,7.1,499.99,espresso,,,,,,Not Curved,No Mount,0.8,2179.0,,No,Edge,223.0,241.0,241.0,,,,7.291,23,25,35,39,24,26,70,70,1.113,4.55,IPS,RGB,10,60,60,1920 x 1080,16:9,Yes,,No,No,2
ASUS ProArt Display PA278CV,2021,27,6.9,3,8.2,7.9,299,ASUS,,,,,,Not Curved,VESA 100x100,0.8,1078.0,,No,Edge,364.0,387.0,387.0,,,,38.23,42,43,59,60,50,52,44,70,1.745,1.48,IPS,RGB,8,75,75,2560 x 1440,16:9,Yes,75,1 (DP 1.2),1 (HDMI 1.4),1
ASUS ProArt Display PA278QV,2020,27,6.7,3,8.3,7.8,269,ASUS,,,,,,Not Curved,VESA 100x100,0.8,1114.0,,No,Edge,417.0,447.0,446.0,,,,55.25,44,44,61,62,52,52,70,70,1.874,2.21,IPS,RGB,8,75,75,2560 x 1440,16:9,Yes,75,1 (DP 1.2),1 (HDMI 1.4),0
BenQ ZOWIE XL2546K,2020,25,8.5,,7.4,7.1,0,BenQ,,,,,,Not Curved,VESA 100x100,1.3,820.0,,No,Edge,295.0,272.0,271.0,,,,,33,36,33,34,46,49,25,26,1.704,3.5,TN,RGB,8,240,240,1920 x 1080,16:9,Yes,,1 (DP 1.2),3 (HDMI 2.0),No
LG 24GL600F,2019,24,7.5,2.6,6.4,5.9,299.99,LG,,,,,,Not Curved,VESA 100x100,2.0,1109.0,,No,Edge,295.0,346.0,346.0,,,,84,30,30,43,41,44,46,23,25,4.545,5.12,TN,RGB,8,144,144,1920 x 1080,16:9,Yes,144,1 (DP 1.2),2 (HDMI 2.0),0
ASUS VG248QG,2019,24,8.4,,7.2,7.0,169.99,ASUS,,,,,,Not Curved,VESA 100x100,1.18,950.0,,No,Edge,294.0,312.0,312.0,,,,,29,35,25,25,44,48,20,23,2.745,3.91,TN,RGB,8,165,165,1920 x 1080,16:9,Yes,,1 (DP 1.2),1 (HDMI 1.4),No
LG 38WN95C-W,2020,38,8.4,7,7.8,8.0,1494.99,LG,,,,,,2300R,VESA 100x100,1.1,898.0,918.0,Yes,Edge,447.0,477.0,476.0,711.0,696.0,522.0,80,42,41,51,53,47,46,70,70,1.724,2.67,IPS,RGB,10,144,144,3840 x 1600,21:9,Yes,75,1 (DP 1.4),2 (HDMI 2.0),1
Dell UltraSharp U4021QW,2021,40,7.4,,8.1,7.7,1589,Dell,,,,,,2500R,VESA 100x100,1.1,943.0,,No,Edge,256.0,280.0,280.0,,,,,43,45,49,51,49,51,70,70,1.434,1.5,IPS,RGB,10,60,60,5120 x 2160,21:9,Yes,,1 (DP 1.4),2 (HDMI 2.0),2 (1x Thunderbolt 3  PD  DP Alt Mode  1x USB 3.2 Gen 2)
HP X27q,2021,27,7.9,6.4,7.8,7.7,0,HP,,,,,,Not Curved,VESA 100x100,0.75,1085.0,704.0,Yes,Edge,381.0,396.0,396.0,451.0,478.0,477.0,40.61,46,42,48,49,48,46,70,70,2.009,1.79,IPS,RGB,10,165,165,2560 x 1440,16:9,Yes,144,1 (DP 1.4),1 (HDMI 2.0),0
HP OMEN 27q,2023,27,8.0,6.5,7.9,8.0,239,HP,,,,,,Not Curved,VESA 100x100,0.8,864.0,,No,Edge,374.0,361.0,361.0,489.0,478.0,477.0,41.48,45,45,52,57,47,49,70,70,1.798,3.35,IPS,RGB,10,165,165,2560 x 1440,16:9,Yes,144,1 (DP 1.4),2 (HDMI 2.0),0
AOC CU34G2X,2019,34,7.5,6.5,7.6,7.8,679,AOC,,,,,,1500R,VESA 100x100,0.9,2789.0,,No,Edge,257.0,264.0,264.0,260.0,259.0,259.0,47.9,35,36,61,64,41,42,16,16,1.491,4.69,VA,RGB,10,144,144,3440 x 1440,21:9,Yes,100,2 (DP 1.4),2 (HDMI 2.0),0
ASUS VG279QM,2020,27,8.1,6.3,7.7,7.7,249,ASUS,,,,,,Not Curved,VESA 100x100,0.7,1186.0,,No,Edge,382.0,415.0,414.0,474.0,507.0,506.0,97,49,51,66,64,48,49,70,70,1.15,1.56,IPS,RGB,10,240,280,1920 x 1080,16:9,Yes,240,1 (DP 1.2),2 (HDMI 2.0),0
ASUS ROG Swift 360Hz PG259QN,2020,24.5,8.2,6.3,7.6,7.8,0,ASUS,,,,,,Not Curved,VESA 100x100,0.69,1296.0,,No,Edge,355.0,418.0,417.0,385.0,434.0,434.0,38.74,35,34,50,50,39,38,70,70,1.166,2.33,IPS,RGB,10,360,360,1920 x 1080,16:9,Yes,240,1 (DP 1.4),1 (HDMI 2.0),0
Acer Nitro XV252Q Fbmiiprx,2021,24,8.3,6,7.8,7.7,0,Acer,,,,,,Not Curved,VESA 100x100,0.7,994.0,,No,Edge,379.0,397.0,396.0,392.0,406.0,406.0,90.86,36,35,58,62,37,39,70,70,2.551,2.22,IPS,RGB,10,360,390,1920 x 1080,16:9,Yes,240,1 (DP 1.4),2 (HDMI 2.0),0
LG 27GN850-B/27GN880-B,2020,27  / 27,8.3,6.3,7.6,7.9,0 625.92,LG,,,,,,Not Curved,VESA 100x100,0.8,852.0,,No,Edge,321.0,322.0,322.0,325.0,351.0,325.0,54.85,46,46,55,55,49,49,70,70,2.337,4.91,IPS,RGB,10,144,144,2560 x 1440,16:9,Yes,144,1 (DP 1.4),2 (HDMI 2.0),0
Dell UltraSharp U2720Q,2020,27,6.7,6.6,8.5,8.5,999,Dell,,,,,,Not Curved,VESA 100x100,0.7,1121.0,619.0,No,Edge,307.0,318.0,318.0,442.0,460.0,458.0,29,39,43,52,58,42,47,70,70,1.74,2.8,IPS,RGB,10,60,60,3840 x 2160,16:9,Yes,60,1 (DP 1.4),1 (HDMI 2.0),2
LG 32UL500-W,2020,32,7.1,6.9,7.2,7.8,398,LG,,,,,,Not Curved,VESA 100x100,1.44,2883.0,,No,Edge,230.0,256.0,256.0,242.0,273.0,273.0,53,46,47,69,70,47,48,25,21,1.105,5.92,VA,RGB,10,60,60,3840 x 2160,16:9,Yes,60,1 (DP 1.2),2 (HDMI 2.0),0
Acer Predator X32 Fpbmiiiiphuzx,2023,32,8.6,7.6,8.0,8.0,0,Acer,,,,,,Not Curved,VESA 100x100,0.642,1382.0,2938.0,Yes,Full-Array,428.0,532.0,531.0,944.0,1144.0,606.0,3.219,26,27,32,34,30,31,70,70,4.81,6.21,IPS,RGB,10,160,160,3840 x 2160,16:9,Yes,160,1 (DP 1.4),4 (HDMI 2.1),1
ASUS TUF Gaming VG34VQL1B,2021,34,7.9,7.3,7.7,7.9,366.84,ASUS,,,,,,1500R,VESA 100x100,0.8,4781.0,,No,Edge,470.0,456.0,455.0,520.0,503.0,502.0,50,36,39,65,65,36,37,20,23,1.655,3.53,VA,RGB,10,165,165,3440 x 1440,21:9,Yes,100,2 (DP 1.4),2 (HDMI 2.0),0
LG 27GN800-B,2020,27,8.4,6.2,7.0,7.1,229.99,LG,,,,,,Not Curved,VESA 100x100,0.8,841.0,,No,Edge,304.0,330.0,329.0,346.0,372.0,372.0,54.7,50,47,56,55,50,49,70,70,3.033,5.39,IPS,RGB,10,144,144,2560 x 1440,16:9,Yes,144,1 (DP 1.4),2 (HDMI 2.0),0
Gigabyte M27Q P,2022,27,8.3,6.2,7.8,7.9,0,Gigabyte,,,,,,Not Curved,VESA 100x100,0.9,745.0,,No,Edge,381.0,372.0,371.0,425.0,391.0,391.0,82.2,45,45,49,54,48,49,70,70,3.389,3.35,IPS,RGB,10,165,170,2560 x 1440,16:9,Yes,144,1 (DP 1.4),2 (HDMI 2.0),1
Gigabyte G27Q,2020,27,8.0,6.7,7.8,7.9,0,Gigabyte,,,,,,Not Curved,VESA 100x100,1.15,1096.0,,No,Edge,408.0,437.0,437.0,480.0,515.0,514.0,59.67,32,33,47,54,34,36,70,70,1.749,4.52,IPS,RGB,10,144,144,2560 x 1440,16:9,Yes,144,1 (DP 1.2),2 (HDMI 2.0),0
ASUS ROG Strix XG27UQR,2021,27,8.1,7,8.2,8.3,0,ASUS,,,,,,Not Curved,VESA 100x100,1.8,1171.0,1033.0,Yes,Edge,503.0,518.0,518.0,556.0,632.0,629.0,65.42,31,33,49,57,36,39,70,70,1.373,3.58,IPS,RGB,10,144,144,3840 x 2160,16:9,Yes,60,2 (DP 1.4),2 (HDMI 2.0),0
Samsung Odyssey G55T C34G55T,2021,34,7.8,6.6,6.8,7.4,319.99,Samsung,,,,,,1000R,VESA 75x75,1.2,4557.0,,No,Edge,275.0,296.0,296.0,295.0,332.0,332.0,52.7,31,33,52,52,30,31,19,20,1.527,2.28,VA,RGB,10,165,165,3440 x 1440,21:9,Yes,100,1 (DP 1.4),1 (HDMI 2.0),0
HP OMEN 34c,2023,34,7.8,7.1,7.5,7.8,299.99,HP,,,,,,1500R,VESA 100x100,0.7,3779.0,,No,Edge,420.0,400.0,400.0,470.0,447.0,447.0,63.39,31,31,44,43,34,33,17,16,1.044,2.68,VA,RGB,10,165,165,3440 x 1440,21:9,Yes,100,1 (DP 1.4),2 (HDMI 2.0),0
Samsung Smart Monitor M80C S32CM80,2023,Daylight Blue - 32  / Spring Green - 32  / Sunset Pink - 32  / Warm White - 32,6.7,7.2,8.1,7.9,0 0 0 499.99,Samsung,,,,,,Not Curved,VESA 100x100,0.57,4338.0,,No,Edge,438.0,470.0,469.0,446.0,479.0,478.0,71.03,27,31,41,52,29,34,16,19,0.878,8.58,VA,RGB,10,60,60,3840 x 2160,16:9,Yes,60,No,1 (HDMI 2.0),1
Samsung Smart Monitor M80B S32BM80,2022,Blue / Green / Pink / White,7.0,7.2,7.8,7.7,0 0 0 0,Samsung,,,,,,Not Curved,No Mount,0.8,4390.0,,No,Edge,413.0,399.0,398.0,372.0,342.0,341.0,71.43,24,28,24,26,33,36,20,17,0.909,8.34,VA,RGB,10,60,60,3840 x 2160,16:9,Yes,60,No,1 (Micro-HDMI),2
Samsung Smart Monitor M7 S43BM70,2022,43,6.9,7,6.7,7.4,349.99,Samsung,,,,,,Not Curved,VESA 200x200,1.1,3071.0,,No,Edge,293.0,296.0,295.0,296.0,301.0,301.0,17.4,41,35,62,63,37,35,17,16,0.707,2.18,VA,BGR,10,60,60,3840 x 2160,16:9,No,60,No,2 (HDMI 2.0),1
Dell S2721DGF,2020,27,8.1,6.5,8.1,7.8,0,Dell,,,,,,Not Curved,VESA 100x100,0.74,882.0,971.0,Yes,Edge,341.0,368.0,368.0,328.0,487.0,486.0,35.4,46,47,52,55,48,49,70,70,2.946,3.43,IPS,RGB,10,165,165,2560 x 1440,16:9,Yes,144,1 (DP 1.4),2 (HDMI 2.0),0
HP OMEN 27i,2020,27,7.8,2.9,7.7,7.2,0,HP,,,,,,Not Curved,VESA 100x100,0.8,755.0,,No,Edge,324.0,334.0,334.0,,,,43.22,46,46,52,53,48,49,70,70,2.644,2.58,IPS,RGB,10,165,165,2560 x 1440,16:9,Yes,144,1 (DP 1.2),1 (HDMI 2.0),0
ASUS ROG Strix XG27AQ,2021,27  / 27,8.4,6.5,7.9,8.2,0 570.89,ASUS,,,,,,Not Curved,VESA 100x100,0.8,1121.0,1117.0,Yes,Edge,269.0,297.0,297.0,349.0,408.0,407.0,44,46,50,67,57,50,51,70,70,1.107,3.49,IPS,RGB,10,144,170,2560 x 1440,16:9,Yes,144,1 (DP 1.2),2 (HDMI 2.0),0
Samsung Odyssey G9 C49G95T,2020,49,8.3,6.8,7.6,7.4,1387.14,Samsung,,,,,,1000R,VESA 100x100,1.1,2231.0,2320.0,Yes,Edge,402.0,399.0,398.0,601.0,954.0,668.0,57.25,38,39,30,32,35,36,12,13,3.277,5.78,VA,RGB,10,240,240,5120 x 1440,32:9,Yes,60,2 (DP 1.4),1 (HDMI 2.0),0
Samsung Odyssey G3 F27G35T,2021,27,6.6,3.6,7.1,7.2,418.43,Samsung,,,,,,Not Curved,VESA 100x100,1.0,4173.0,,No,Edge,271.0,278.0,278.0,,,,95,41,37,56,70,38,38,25,24,1.582,2.43,VA,RGB,8,144,144,1920 x 1080,16:9,Yes,144,1 (DP 1.2),1 (HDMI 2.0),0
Samsung Odyssey G55T C27G55T,2020,27,7.3,5.9,6.1,6.8,235,Samsung,,,,,,1000R,VESA 75x75,1.2,2997.0,3110.0,No,Edge,285.0,281.0,281.0,298.0,297.0,297.0,37.4,29,29,39,42,30,30,12,14,3.691,1.74,VA,RGB,10,144,144,2560 x 1440,16:9,No,144,1 (DP 1.2),1 (HDMI 2.0),0
Samsung 43 QN90B QLED,2022,43,8.2,8.5,6.8,7.3,0,Samsung,,,,,,Not Curved,VESA 200x200,1.0,5548.0,7064.0,Yes,Full-Array,600.0,570.0,569.0,761.0,570.0,569.0,32,22,18,19,17,35,31,15,14,1.205,3.71,VA,BGR,10,144,144,3840 x 2160,16:9,No,144,No,4 (HDMI 2.1),0
LG 42 OLED Flex,2022,42,8.9,9,7.9,8.7,0,LG,,,,,,900R,No Mount,0.86,inf,,No,No Backlight,218.0,188.0,175.0,695.0,155.0,126.0,32.57,53,63,29,31,69,70,70,70,0.214,2.56,OLED,RWBG,10,120,120,3840 x 2160,16:9,No,120,No,4 (HDMI 2.1),0
Acer Nitro XV272U KVbmiiprzx,2021,27,8.5,6.6,8.1,8.3,0,Acer,,,,,,Not Curved,VESA 100x100,0.8,1029.0,,No,Edge,359.5,366.0,365.0,441.0,444.0,443.0,41.5,46,43,58,57,46,43,70,70,1.608,1.19,IPS,RGB,10,170,170,2560 x 1440,16:9,Yes,144,1 (DP 1.2),2 (HDMI 2.0),0
ASUS ROG Strix XG27UQ,2020,27,8.6,,8.2,8.4,0,ASUS,,,,,,Not Curved,VESA 100x100,1.8,1232.0,1211.0,Yes,Edge,449.0,470.0,470.0,472.0,550.0,549.0,,29,32,51,55,35,38,70,70,1.7,2.99,IPS,RGB,10,144,144,3840 x 2160,16:9,Yes,,2 (DP 1.4),2 (HDMI 2.0),No
Samsung Odyssey Ark S55BG970,2022,55,8.4,8.1,8.0,7.9,1499.99,Samsung,,,,,,1000R,VESA 200x200,0.5,3558.0,27634.0,Yes,Full-Array,771.0,721.0,721.0,907.0,750.0,748.0,25.15,34,33,59,57,34,34,70,70,2.959,1.39,VA,BGR,10,165,165,3840 x 2160,16:9,Yes,165,No,4 (HDMI 2.1),1
LG 35WN65C-B,2020,35,7.4,6.7,7.2,7.6,399,LG,,,,,,1800R,VESA 100x100,0.9,3726.0,,No,Edge,243.0,266.0,266.0,262.0,286.0,285.0,23,33,29,65,66,32,31,17,16,1.383,2.95,VA,RGB,10,100,100,3440 x 1440,21:9,Yes,85,1 (DP 1.4),2 (HDMI 2.0),0
MSI Optix G273QF,2020,27,8.2,3,7.1,6.8,0,MSI,,,,,,Not Curved,VESA 100x100,0.78,1249.0,,No,Edge,312.0,316.0,316.0,,,,57.55,43,40,62,59,46,43,70,70,3.255,3.4,IPS,RGB,10,165,165,2560 x 1440,16:9,Yes,144,1 (DP 1.2),2 (HDMI 2.0),0
Dell P3223DE,2022,32,6.1,3.2,8.0,7.5,419.99,Dell,,,,,,Not Curved,VESA 100x100,0.7,1294.0,,No,Edge,333.0,348.0,348.0,,,,34,46,44,50,55,47,47,70,70,1.557,2.87,IPS,RGB,10,60,60,2560 x 1440,16:9,Yes,60,1 (DP 1.4),1 (HDMI 1.4),1
LG 34GP950G-B,2021,34,8.3,7.2,7.7,7.9,1671.7,LG,,,,,,1900R,VESA 100x100,1.0,836.0,918.0,Yes,Edge,390.0,440.0,434.0,656.0,438.0,433.0,57,43,43,50,52,46,47,33,25,1.114,4.8,IPS,RGB,10,144,180,3440 x 1440,21:9,Yes,100,1 (DP 1.4),1 (HDMI 2.0),0
Dell Alienware AW2521H,2020,25,8.3,6.3,7.7,7.7,0,Dell,,,,,,Not Curved,VESA 100x100,0.65,1336.0,,No,Edge,440.0,437.0,437.0,457.0,466.0,466.0,35.99,35,37,47,50,38,41,70,70,2.39,2.9,IPS,RGB,10,360,360,1920 x 1080,16:9,Yes,240,1 (DP 1.4),2 (HDMI 2.0),0
Gigabyte AORUS FV43U,2021,43,8.5,8.3,6.8,7.7,823.62,Gigabyte,,,,,,Not Curved,VESA 200x200,1.3,4675.0,5830.0,Yes,Full-Array,684.0,721.0,720.0,653.0,869.0,673.0,71.76,30,36,42,51,34,37,14,13,0.435,2.39,VA,BGR,10,144,144,3840 x 2160,16:9,Yes,144,1 (DP 1.4),2 (HDMI 2.1),1
Gigabyte M32Q,2021,32,8.5,6.3,7.8,8.0,0,Gigabyte,,,,,,Not Curved,VESA 100x100,0.8,1195.0,,No,Edge,328.0,333.0,333.0,445.0,458.0,457.0,55.9,38,39,42,45,42,44,70,70,2.799,0.63,IPS,RGB,10,165,170,2560 x 1440,16:9,Yes,144,1 (DP 1.2),2 (HDMI 2.0),1
AOC CQ27G2,2020,27,7.5,3.2,7.2,7.0,449.99,AOC,,,,,,1500R,VESA 100x100,0.8,3858.0,,No,Edge,225.0,197.0,197.0,,,,37.69,25,25,41,42,28,28,16,16,3.987,4.06,VA,RGB,8,144,144,2560 x 1440,16:9,Yes,144,1 (DP 1.2),2 (HDMI 2.0),0
ASUS TUF Gaming VG259QM,2020,25,8.1,6.3,7.7,7.6,235.95,ASUS,,,,,,Not Curved,VESA 100x100,0.8,1364.0,,No,Edge,374.0,388.0,388.0,374.0,392.0,391.0,53,30,31,52,53,32,33,70,70,1.204,2.49,IPS,RGB,10,240,280,1920 x 1080,16:9,Yes,240,1 (DP 1.2),2 (HDMI 2.0),0
ASUS VG279Q,2018,27,7.2,3.1,7.8,7.4,329.99,ASUS,,,,,,Not Curved,VESA 100x100,1.0,1248.0,,No,Edge,414.0,430.0,430.0,,,,50.44,48,47,59,59,49,49,70,70,2.166,1.21,IPS,RGB,8,144,144,1920 x 1080,16:9,Yes,144,1 (DP 1.2),1 (HDMI 1.4),0
LG 32QN55T-B,2021,32,6.9,6.4,7.6,7.7,0,LG,,,,,,Not Curved,VESA 100x100,0.8,1283.0,,No,Edge,349.0,347.0,347.0,365.0,360.0,359.0,28,46,45,50,56,49,48,70,70,1.229,2.56,IPS,RGB,10,75,75,2560 x 1440,16:9,Yes,75,No,2 (HDMI 1.4),0
LG 32GN600-B,2021,32,7.9,6.6,6.5,7.2,369,LG,,,,,,Not Curved,VESA 100x100,0.76,3248.0,,No,Edge,282.0,298.0,298.0,340.0,360.0,360.0,42.89,28,30,50,53,29,30,16,16,1.108,2.0,VA,RGB,10,165,165,2560 x 1440,16:9,Yes,144,1 (DP 1.4),2 (HDMI 2.0),0
ASUS ROG Strix XG16AHPE,2021,Black - 16  / Black W/ Tripod - 16  / White - 16  / White W/ Tripod - 16,8.0,,7.4,7.0,0 0 0 0,ASUS,,,,,,Not Curved,Mounting Hole With 1/4  Screw Thread,0.8,1261.0,,No,Edge,295.0,286.0,286.0,,,,,28,32,40,45,32,37,70,70,1.46,2.42,IPS,RGB,8,144,144,1920 x 1080,16:9,Yes,,No,1 (Micro-HDMI),2 (1x DP Alt Mode  1x Charging Only)
Lepow Z1 Gamut,2020,15.6  / 15.6,5.3,6.1,6.3,6.9,0 0,Lepow,,,,,,Not Curved,No Mount,1.17,1078.0,,No,Edge,163.0,178.0,178.0,194.0,209.0,208.0,37.35,24,26,32,38,28,30,70,70,2.004,5.5,IPS,RGB,10,60,60,1920 x 1080,16:9,No,60,No,1 (Mini HDMI),2
ASUS ProArt PA148CTV,2021,14,6.7,,7.1,6.6,359,ASUS,,,,,,Not Curved,Mounting Hole With 1/4  Screw Thread,0.76,985.0,,No,Edge,281.0,301.0,301.0,,,,,26,27,42,46,29,32,70,70,2.555,2.02,IPS,RGB,8,60,60,1920 x 1080,16:9,Yes,,No,1 (Micro-HDMI),2 (2x DP Alt Mode  PD)
LG 48GQ900-B,2022,48,9.0,8.9,6.9,8.1,0,LG,,,,,,Not Curved,VESA 300x200,0.9,inf,,No,No Backlight,188.0,135.0,129.0,399.0,127.0,123.0,12.25,49,51,35,34,63,62,70,70,0.211,3.31,OLED,RWBG,10,120,138,3840 x 2160,16:9,No,138,1 (DP 1.4),3 (HDMI 2.1),0
LG 38GN950-B,2020,38,8.5,7.2,7.7,8.1,0,LG,,,,,,2300R,VESA 100x100,1.1,949.0,945.0,Yes,Edge,491.0,521.0,520.0,734.0,730.0,545.0,85.41,42,43,52,54,48,49,70,33,1.478,1.69,IPS,RGB,10,144,160,3840 x 1600,21:9,Yes,75,1 (DP 1.4),2 (HDMI 2.0),0
Gigabyte AORUS FO48U OLED,2021,48,9.0,8.9,7.0,8.2,0,Gigabyte,,,,,,Not Curved,VESA 300x300,0.86,inf,,No,No Backlight,201.0,109.0,106.0,399.0,114.0,110.0,0.75,49,55,41,40,68,70,70,70,0.157,3.28,OLED,WBGR,10,120,120,3840 x 2160,16:9,No,120,1 (DP 1.4),2 (HDMI 2.1),1
MSI Optix G272,2021,27,8.0,,7.1,6.8,0,MSI,,,,,,Not Curved,VESA 100x100,0.6,1403.0,,No,Edge,300.0,301.0,301.0,,,,,28,29,36,35,29,30,70,70,1.809,2.35,IPS,RGB,8,144,144,1920 x 1080,16:9,Yes,,1 (DP 1.2),2 (HDMI 1.4),No
Sony 42 A90K OLED,2022,42,8.7,8.9,7.5,8.3,1198,Sony,,,,,,Not Curved,VESA 200x200,0.6,inf,,No,No Backlight,236.0,129.0,129.0,407.0,133.0,132.0,37.8,46,47,28,28,62,61,70,70,0.208,4.32,OLED,RWBG,10,120,120,3840 x 2160,16:9,No,120,No,2 (HDMI 2.1)  2 HDMI (2.0),0
LG C1 48 OLED,2021,48,8.9,9.1,7.1,8.2,996.99,LG,,,,,,Not Curved,VESA 300x200,0.91,inf,,No,No Backlight,210.0,164.0,116.0,714.0,128.0,122.0,36,54,58,36,37,67,70,70,70,0.121,2.41,OLED,WBGR,10,120,120,3840 x 2160,16:9,No,120,No,4 (HDMI 2.1),0
Acer Nitro XV282K KVbmiipruzx,2021,28,8.6,6.4,8.6,8.4,0,Acer,,,,,,Not Curved,VESA 100x100,0.7,1086.0,808.0,Yes,Edge,286.0,319.0,319.0,342.0,467.0,466.0,32.4,39,38,49,49,43,43,70,70,3.123,3.0,IPS,RGB,10,144,144,3840 x 2160,16:9,Yes,144,1 (DP 1.4),2 (HDMI 2.1),1
ViewSonic Elite XG270QG,2019,27,7.7,2.8,8.0,7.2,0,ViewSonic,,,,,,Not Curved,VESA 100x100,0.5,883.0,,No,Edge,326.0,323.0,322.0,,,,66.68,47,45,53,52,50,49,70,70,2.438,5.61,IPS,RGB,8,144,165,2560 x 1440,16:9,Yes,60,1 (DP 1.2),1 (HDMI 1.4),0
Samsung C49RG9/CRG9,2019,49,7.6,7,7.8,7.6,0,Samsung,,,,,,1800R,VESA 100x100,1.3,2262.0,2359.0,Yes,Edge,622.0,891.0,590.0,649.0,698.0,614.0,36.83,30,30,47,52,33,34,18,19,2.552,3.56,VA,RGB,10,120,120,5120 x 1440,32:9,Yes,60,2 (DP 1.4),1 (HDMI 2.0),0
LG 27GN750-B,2020,27,8.3,6,7.4,7.3,229.99,LG,,,,,,Not Curved,VESA 100x100,0.79,1032.0,,No,Edge,351.0,378.0,378.0,370.0,441.0,398.0,51.75,44,46,50,51,47,49,70,70,1.989,3.85,IPS,RGB,10,240,240,1920 x 1080,16:9,Yes,240,1 (DP 1.2),2 (HDMI 2.0),0
Dell Alienware AW3821DW,2020,38,8.0,7,7.9,7.8,0,Dell,,,,,,2300R,VESA 100x100,1.08,883.0,870.0,Yes,Edge,479.0,495.0,495.0,496.0,481.0,468.0,34.9,41,41,54,55,46,47,25,22,1.105,3.91,IPS,RGB,10,144,144,3840 x 1600,21:9,Yes,85,1 (DP 1.4),2 (HDMI 2.0),0
HP OMEN 27c,2021,27,8.3,,7.3,7.6,0,HP,,,,,,1000R,VESA 100x100,0.88,2402.0,1805.0,Yes,Edge,273.0,252.0,252.0,410.0,384.0,383.0,,23,23,42,41,43,43,18,17,2.161,2.56,VA,RGB,10,240,240,2560 x 1440,16:9,Yes,,1 (DP 1.4),1 (HDMI 2.0),1 (USB)
Gigabyte G32QC,2020,32,7.8,6.5,7.3,7.3,499.99,Gigabyte,,,,,,1500R,VESA 100x100,0.9,2912.0,,No,Edge,384.0,383.0,383.0,435.0,456.0,455.0,42.72,25,26,51,58,27,29,15,15,3.376,5.36,VA,RGB,8,165,165,2560 x 1440,16:9,Yes,144,1 (DP 1.2),2 (HDMI 2.0),0
LG 34GN850-B,2020,34,8.5,6.6,7.7,8.0,599,LG,,,,,,1900R,VESA 100x100,1.0,960.0,,No,Edge,343.0,359.0,359.0,441.0,436.0,436.0,58.22,43,42,55,54,47,48,26,20,1.613,3.28,IPS,RGB,10,144,160,3440 x 1440,21:9,Yes,85,1 (DP 1.4),2 (HDMI 2.0),0
LG 27GL650F-B,2019,27,7.6,6,7.4,7.3,298,LG,,,,,,Not Curved,VESA 100x100,1.0,1165.0,,No,Edge,391.0,429.0,429.0,410.0,473.0,460.0,68,46,48,57,58,47,49,70,70,2.793,3.97,IPS,RGB,10,144,144,1920 x 1080,16:9,Yes,144,1 (DP 1.4),2 (HDMI 2.0),0
Dell Alienware AW2521HF,2020,25,8.0,2.9,7.7,7.2,535,Dell,,,,,,Not Curved,VESA 100x100,0.7,1198.0,,No,Edge,406.0,411.0,411.0,,,,32,45,45,58,57,46,46,70,70,2.227,1.9,IPS,RGB,8,240,240,1920 x 1080,16:9,Yes,240,1 (DP 1.2),2 (HDMI 2.0),0
Samsung Odyssey G4/G40B S27BG40,2022,27,7.8,5.7,7.6,7.4,219.99,Samsung,,,,,,Not Curved,VESA 100x100,0.9,1006.0,,No,Edge,356.0,362.0,362.0,386.0,394.0,393.0,57,45,44,49,52,47,47,70,70,4.228,5.14,IPS,RGB,10,240,240,1920 x 1080,16:9,Yes,240,1 (DP 1.2),2 (HDMI 2.0),0
Sony INZONE M3,2023,27,8.2,6.4,7.0,7.3,0,Sony,,,,,,Not Curved,VESA 100x100,0.8,1129.0,,No,Edge,365.0,403.0,403.0,432.0,500.0,498.0,66.8,47,45,57,61,48,47,70,70,1.26,2.366,IPS,RGB,10,240,240,1920 x 1080,16:9,Yes,240,1 (DP 1.4),2 (HDMI 2.0),1
Dell S3220DGF,2019,32,8.0,,7.5,7.8,0,Dell,,,,,,1800R,VESA 100x100,0.8,2953.0,,No,Direct,284.0,293.0,293.0,444.0,468.0,461.0,,28,29,48,53,31,32,13,15,1.58,3.63,VA,RGB,10,165,165,2560 x 1440,16:9,Yes,,1 (DP 1.4),2 (HDMI 2.0),No
Dell S2716DG,2015,27,8.3,,7.2,6.9,649.8,Dell,,,,,,Not Curved,VESA 100x100,0.8,634.0,,No,Direct,275.0,288.0,287.0,,,,,34,37,31,31,45,49,26,25,4.154,3.98,TN,RGB,8,144,144,2560 x 1440,16:9,Yes,,1 (DP 1.2),1 (HDMI 1.4),No
Dell Alienware AW3418DW,2017,34,7.7,,7.8,7.3,0,Dell,,,,,,1900R,VESA 100x100,1.0,981.0,,No,Edge,262.0,284.0,284.0,,,,,51,51,57,49,52,53,70,70,2.495,3.77,IPS,RGB,8,100,120,3440 x 1440,21:9,Yes,,1 (DP 1.2),1 (HDMI 1.4),No
Samsung U32J590,2018,32,7.4,,7.3,7.0,294.01,Samsung,,,,,,Not Curved,VESA 100x100,1.5,2799.0,,No,Edge,188.0,206.0,206.0,,,,,46,48,70,70,47,50,23,21,1.658,2.88,VA,RGB,10,60,60,3840 x 2160,16:9,No,,1 (DP 1.2),1 (HDMI 2.0)  1 (HDMI 1.4),No
Dell U2715H,2014,27,7.9,,7.7,7.4,0,Dell,,,,,,,VESA 100x100,0.8,1201.0,,No,Direct,388.0,401.0,401.0,,,,,,,39,41,50,52,75,75,3.153,2.71,IPS,,8,,60,2560 x 1440,16:9,Yes,,1 (DP 1.2),2 (HDMI 1.4),No
LG 27GN650-B,2021,27,8.2,,7.5,7.5,0,LG,,,,,,Not Curved,VESA 100x100,0.76,1002.0,,No,Edge,270.0,285.0,284.0,347.0,363.0,362.0,,44,46,50,51,47,49,70,70,3.745,2.69,IPS,RGB,10,144,144,1920 x 1080,16:9,Yes,,1 (DP 1.4),2 (HDMI 2.0),No
Samsung C27RG5,2019,27,6.9,,6.8,6.5,0,Samsung,,,,,,1500R,VESA 75x75,0.89,3305.0,,No,Edge,302.0,299.0,299.0,,,,,29,31,54,56,34,35,12,13,1.276,3.26,VA,RGB,8,240,240,1920 x 1080,16:9,Yes,,1 (DP 1.2),2 (HDMI 2.0),No
Gigabyte AORUS FI32U,2021,32,8.5,6.7,8.4,8.3,0,Gigabyte,,,,,,Not Curved,VESA 100x100,0.86,1095.0,1088.0,Yes,Edge,319.0,338.0,337.0,419.0,427.0,426.0,42.96,37,37,48,52,43,43,25,33,1.913,3.75,IPS,RGB,10,144,144,3840 x 2160,16:9,Yes,144,1 (DP 1.4),2 (HDMI 2.1),1
Gigabyte G27QC,2020,27,8.2,,7.3,7.5,0,Gigabyte,,,,,,1500R,VESA 100x100,0.7,3855.0,,No,Edge,376.0,286.0,286.0,388.0,287.0,287.0,,24,26,44,43,27,29,14,18,3.895,2.75,VA,RGB,10,165,165,2560 x 1440,16:9,Yes,,1 (DP 1.4),2 (HDMI 2.0),No
Dell Alienware AW2720HF,2019,27,8.2,,7.7,7.2,0,Dell,,,,,,Not Curved,VESA 100x100,0.71,877.0,,No,Edge,326.0,335.0,335.0,,,,,45,47,50,53,47,50,70,70,4.406,2.48,IPS,RGB,8,240,240,1920 x 1080,16:9,Yes,,1 (DP 1.2),2 (HDMI 2.0),No
HP 27F,2018,27,7.3,,7.2,6.8,0,HP,,,,,,Not Curved,No Mount,0.8,1142.0,,No,Edge,290.0,298.0,298.0,,,,,47,46,55,56,48,47,70,70,1.592,1.61,IPS,RGB,8,75,75,1920 x 1080,16:9,Yes,,No,2 (HDMI 1.4),No
Lenovo D27-30,2021,27,7.3,,6.9,6.7,0,Lenovo,,,,,,Not Curved,VESA 100x100,0.77,4048.0,,No,Edge,152.0,173.0,173.0,,,,,33,34,69,70,32,32,24,24,0.623,5.47,VA,RGB,8,75,75,1920 x 1080,16:9,Yes,,No,1 (HDMI 1.4),No
Samsung Odyssey G3 S24AG30,2021,24,7.6,,7.3,7.0,189.99,Samsung,,,,,,Not Curved,VESA 100x100,0.62,5099.0,,No,Edge,219.0,214.0,214.0,,,,,43,44,45,48,40,42,14,14,1.089,3.27,VA,RGB,8,144,144,1920 x 1080,16:9,Yes,,1 (DP 1.2),1 (HDMI 1.4),No
Gigabyte AORUS FI27Q-X,2021,27,8.6,6.2,8.1,8.2,0,Gigabyte,,,,,,Not Curved,VESA 100x100,0.9,1028.0,,No,Edge,367.0,399.0,398.0,412.0,440.0,438.0,38.07,47,47,70,70,53,53,70,70,2.731,5.4,IPS,BGR,10,240,240,2560 x 1440,16:9,Yes,144,1 (DP 1.4),2 (HDMI 2.0),0
LG 32GN50T-B,2020,32,7.9,,6.8,7.0,349,LG,,,,,,Not Curved,VESA 100x100,0.8,4004.0,,No,Edge,345.0,364.0,364.0,361.0,379.0,377.0,,28,29,49,52,28,29,13,14,1.911,2.87,VA,RGB,10,165,165,1920 x 1080,16:9,Yes,,1 (DP 1.4),2 (HDMI 1.4),No
Dell UltraSharp U2520D,2020,25,7.5,,7.9,7.9,0,Dell,,,,,,Not Curved,VESA 100x100,0.7,1010.0,,No,Edge,332.0,351.0,351.0,385.0,444.0,443.0,,43,43,49,52,46,46,70,70,1.965,3.01,IPS,RGB,8,60,60,2560 x 1440,16:9,Yes,,1 (DP 1.4),1 (HDMI 2.0),2 (1x USB  USB PD  DP Alt Mode  1x USB 3 Amp))
Razer Raptor 27 144Hz,2019,27,8.3,,7.9,7.9,0,Razer,,,,,,Not Curved,No Mount,0.5,1211.0,,No,Edge,342.0,364.0,364.0,476.0,516.0,515.0,,49,49,61,63,49,49,70,70,2.325,5.32,IPS,RGB,10,144,144,2560 x 1440,16:9,Yes,,1 (DP 1.2),1 (HDMI 2.0),1 (USB  USB PD  DP Alt Mode)
Dell UltraSharp U2721DE,2020,27,7.4,,7.9,7.5,599.99,Dell,,,,,,Not Curved,VESA 100x100,0.6,1014.0,,No,Edge,314.0,349.0,349.0,,,,,39,39,48,47,45,46,70,41,1.219,3.53,IPS,RGB,8,60,60,2560 x 1440,16:9,Yes,,1 (DP 1.4),1 (HDMI 1.4),1 (USB  USB PD  DP Alt Mode)
Lenovo Q27q-10,2020,27,7.1,,7.3,6.8,399.99,Lenovo,,,,,,Not Curved,VESA 100x100,0.887,1013.0,,No,Edge,271.0,295.0,295.0,,,,,46,46,45,59,45,45,70,70,1.869,5.08,IPS,RGB,8,75,75,2560 x 1440,16:9,Yes,,1 (DP 1.2),1 (HDMI 1.4),No
AOC CQ27G1,2019,27,8.1,,7.3,7.1,0,AOC,,,,,,1800R,VESA 100x100,0.7,3263.0,,No,Edge,237.0,223.0,223.0,,,,,32,36,49,53,33,37,12,16,3.029,1.96,VA,RGB,8,144,144,2560 x 1440,16:9,Yes,,1 (DP 1.2),2 (HDMI 2.0),No
MSI Optix G27C4,2019,27,7.9,,6.7,6.5,399.95,MSI,,,,,,1500R,VESA 100x100,0.8,3658.0,,No,Edge,248.0,247.0,247.0,,,,,24,27,32,39,26,30,12,14,2.397,4.27,VA,RGB,8,165,165,1920 x 1080,16:9,Yes,,1 (DP 1.2),2 (HDMI 1.4),No
Acer Nitro VG271UP Pbmiipx,2019,27,7.8,,7.3,7.3,239.99,Acer,,,,,,Not Curved,VESA 100x100,1.0,1244.0,,No,Edge,312.0,320.0,320.0,462.0,482.0,481.0,,48,48,60,61,48,49,70,70,6.422,3.05,IPS,RGB,10,144,144,2560 x 1440,16:9,Yes,,1 (DP 1.4),2 (HDMI 2.0),No
ASUS ROG Strix XG17AHPE,2020,17,8.0,,7.2,6.8,349,ASUS,,,,,,Not Curved,Mounting Hole With 1/4  Screw Thread,0.8,1174.0,,No,Edge,277.0,280.0,280.0,,,,,25,25,46,47,28,29,70,70,2.197,2.59,IPS,RGB,8,240,240,1920 x 1080,16:9,Yes,,No,1 (Micro-HDMI),2 (1x DP Alt Mode  1x Charging Only)
MSI Optix MAG271CQR,2019,27,8.2,,7.2,6.9,0,MSI,,,,,,1800R,VESA 100x100,1.0,3372.0,,No,Edge,340.0,345.0,344.0,,,,,36,34,47,42,36,34,13,12,4.887,3.42,VA,RGB,8,144,144,2560 x 1440,16:9,Yes,,1 (DP 1.4),2 (HDMI 2.0),No
Dell G2722HS,2022,27,7.6,3,7.2,6.9,0,Dell,,,,,,Not Curved,VESA 100x100,0.65,1101.0,,No,Edge,313.0,336.0,335.0,,,,27.3,45,44,48,48,48,48,70,70,1.591,2.98,IPS,RGB,8,165,165,1920 x 1080,16:9,Yes,165,1 (DP 1.2),2 (HDMI 2.0),0
AOC 24G2,2019,24,7.6,3,7.6,7.3,0,AOC,,,,,,Not Curved,VESA 100x100,0.5,1554.0,,No,Edge,354.0,375.0,374.0,,,,74.6,26,25,58,58,29,28,70,70,2.479,1.14,IPS,RGB,8,144,144,1920 x 1080,16:9,Yes,144,1 (DP 1.2),2 (HDMI 1.4),0
MSI Optix G273,2021,27,7.4,3.2,6.6,6.8,299.99,MSI,,,,,,Not Curved,VESA 100x100,0.8,1494.0,,No,Edge,360.0,339.0,339.0,,,,65,28,28,61,65,29,29,70,70,1.481,4.9,IPS,RGB,10,165,165,1920 x 1080,16:9,Yes,144,1 (DP 1.2),2 (HDMI 1.4),0
Mobile Pixels TRIO,2020,12.5,5.6,,6.6,6.2,0,Mobile Pixels,,,,,,Not Curved,No Mount,2.38,979.0,,No,Edge,241.0,240.0,239.0,,,,,27,26,65,63,31,32,70,70,1.813,3.59,IPS,RGB,8,60,60,1920 x 1080,16:9,No,,No,No,2 (2x DP Alt Mode  1x PD)
BenQ ZOWIE XL2411P,2016,24,7.7,,7.0,6.7,0,BenQ,,,,,,Not Curved,VESA 100x100,2.5,849.0,,No,Edge,325.0,375.0,375.0,,,,,32,31,24,26,44,44,27,23,4.683,3.99,TN,RGB,8,144,144,1920 x 1080,16:9,Yes,,1 (DP 1.2),1 (HDMI 1.4),No
ASUS ROG Strix XG279Q,2020,27,8.5,,8.0,8.1,0,ASUS,,,,,,Not Curved,VESA 100x100,0.7,1119.0,1070.0,Yes,Edge,377.0,410.0,410.0,452.0,515.0,514.0,,35,34,51,51,40,39,70,70,2.828,2.76,IPS,RGB,10,144,170,2560 x 1440,16:9,Yes,,1 (DP 1.2),2 (HDMI 2.0),No
Acer Nitro XV340CK Pbmiipphzx,2020,34,8.4,,7.8,7.8,0,Acer,,,,,,Not Curved,VESA 100x100,0.9,1048.0,,No,Edge,247.0,251.0,250.0,226.0,234.0,233.0,,26,26,65,59,28,26,70,70,2.004,4.0,IPS,RGB,10,144,144,3440 x 1440,21:9,Yes,,2 (DP 1.4),2 (HDMI 2.0),No
ASUS TUF VG32VQ,2019,32,8.2,,7.3,7.5,271.69,ASUS,,,,,,1800R,VESA 100x100,1.5,2880.0,,No,Edge,390.0,406.0,406.0,423.0,433.0,394.0,,34,34,42,43,34,35,17,17,4.629,5.6,VA,RGB,10,144,144,2560 x 1440,16:9,Yes,,1 (DP 1.2),2 (HDMI 2.0),No
Acer Predator XB273K Pbmiphzx,2019,27,8.2,,8.1,8.1,0,Acer,,,,,,Not Curved,VESA 100x100,1.5,1005.0,,No,Direct,292.0,326.0,326.0,381.0,422.0,422.0,,30,32,59,63,35,37,70,70,3.3,3.1,IPS,RGB,8,120,144,3840 x 2160,16:9,Yes,,1 (DP 1.4),1 (HDMI 2.0),No
Dell C1422H,2021,14,6.2,,7.0,6.5,448.89,Dell,,,,,,Not Curved,No Mount,0.6,1275.0,,No,Edge,278.0,297.0,297.0,,,,,26,25,53,55,28,28,70,70,1.733,3.42,IPS,RGB,8,60,60,1920 x 1080,16:9,Yes,,No,No,2 (2x DP Alt Mode 1.2  PD)
Dell S2421H,2020,24,7.3,,7.1,6.7,219.98,Dell,,,,,,Not Curved,VESA 100x100,0.48,1126.0,,No,Edge,250.0,267.0,266.0,,,,,36,39,48,50,44,46,70,70,1.345,3.86,IPS,RGB,8,75,75,1920 x 1080,16:9,Yes,,No,2 (HDMI 1.4),No
LG 49WL95C-W,2019,49,7.4,,7.7,7.8,0,LG,,,,,,3800R,VESA 100x100,2.3,850.0,,No,Direct,249.0,258.0,258.0,353.0,487.0,393.0,,44,46,50,53,47,49,70,70,2.527,3.55,IPS,RGB,10,60,60,5120 x 1440,32:9,Yes,,1 (DP 1.4),2 (HDMI 2.0),1 (USB  USB PD  DP Alt Mode)
Corsair XENEON 32QHD165,2021,32,8.6,,8.0,8.1,0,Corsair,,,,,,Not Curved,VESA 100x100,0.97,1166.0,,No,Edge,357.0,378.0,378.0,360.0,379.0,379.0,,35,36,60,63,40,42,70,70,1.937,1.82,IPS,RGB,10,165,165,2560 x 1440,16:9,Yes,,1 (DP 1.4),2 (HDMI 2.0),2 (1x USB  USB PD  DP Alt Mode  1x USB)
Pixio PX7 Prime,2019,27,8.2,,7.9,7.8,0,Pixio,,,,,,Not Curved,VESA 100x100,1.0,1011.0,,No,Edge,352.0,402.0,402.0,336.0,384.0,383.0,,50,50,65,66,49,50,70,70,4.725,3.03,IPS,RGB,10,165,165,2560 x 1440,16:9,Yes,,2 (DP 1.4),1 (HDMI 2.0),No
Mobile Pixels DUEX Plus,2021,13,5.8,,6.5,6.1,169.99,Mobile Pixels,,,,,,Not Curved,No Mount,0.9,1174.0,,No,Edge,185.0,183.0,183.0,,,,,22,24,44,49,25,27,70,70,1.3,2.55,IPS,RGB,8,60,60,1920 x 1080,16:9,No,,No,No,2 (2x DP Alt Mode  1x PD)
MSI Oculux NXG253R,2021,24,8.6,,7.8,7.9,0,MSI,,,,,,Not Curved,VESA 100x100,0.72,955.0,,No,Edge,358.0,319.0,319.0,384.0,401.0,400.0,,36,36,48,47,41,44,70,70,1.646,4.29,IPS,RGB,10,360,360,1920 x 1080,16:9,Yes,,1 (DP 1.4),2 (HDMI 2.0),No
Acer Predator X25 bmiiprzx,2021,25,8.6,,7.9,7.9,0,Acer,,,,,,Not Curved,VESA 100x100,0.7,1159.0,,No,Edge,380.0,423.0,423.0,399.0,444.0,443.0,,37,36,45,47,40,41,70,70,1.837,2.49,IPS,RGB,10,360,360,1920 x 1080,16:9,Yes,,1 (DP 1.4),2 (HDMI 2.0),No
Dell U2515H,2015,25,7.8,,7.5,7.2,0,Dell,,,,,,,VESA 100x100,0.8,1209.0,,No,Edge,367.0,382.0,381.0,,,,,,,40,35,52,45,75,75,4.525,2.8,IPS,,8,,60,2560 x 1440,16:9,Yes,,1 (DP 1.2),2 (HDMI 1.4),No
Razer Raptor 27 165Hz,2021,27,8.4,,7.9,7.9,0,Razer,,,,,,Not Curved,No Mount,0.8,1011.0,,No,Edge,371.0,366.0,366.0,491.0,486.0,485.0,,45,45,57,58,45,46,70,70,1.506,1.24,IPS,RGB,10,165,165,2560 x 1440,16:9,Yes,,1 (DP 1.4),1 (HDMI 2.0),1 (DisplayPort Alternate Mode)
Gigabyte AORUS FI27Q,2019,27,8.4,,8.0,8.0,0,Gigabyte,,,,,,Not Curved,VESA 100x100,0.8,1159.0,,No,Edge,393.0,404.0,404.0,399.0,408.0,407.0,,50,49,64,63,49,49,70,70,3.598,1.93,IPS,RGB,10,144,165,2560 x 1440,16:9,Yes,,1 (DP 1.2),2 (HDMI 2.0),No
ASUS TUF Gaming VG27WQ1B,2020,27,7.9,,7.1,7.3,269.99,ASUS,,,,,,1500R,VESA 100x100,0.8,3172.0,,No,Edge,336.0,284.0,284.0,297.0,246.0,245.0,,26,26,54,47,29,29,14,18,3.142,1.84,VA,RGB,10,165,165,2560 x 1440,16:9,Yes,,1 (DP 1.2),2 (HDMI 2.0),No
MSI Optix MAG161V,2020,15,5.6,,6.2,5.9,0,MSI,,,,,,Not Curved,No Mount,0.56,676.0,,No,Edge,190.0,223.0,223.0,,,,,22,22,44,22,25,26,70,70,1.942,7.09,IPS,RGB,8,60,60,1920 x 1080,16:9,No,,No,1 (Mini HDMI),2 (2x DP Alt Mode  PD)
LG 48 CX OLED,2020,48  / 55  / 65  / 77,8.7,,8.1,8.1,0 0 2979.19 0,LG,,,,,,Not Curved,VESA 300x200,0.86,inf,inf,No,No Backlight,183.0,171.0,164.0,571.0,129.0,124.0,,52,62,26,28,61,61,70,70,0.109,4.72,OLED,WBGR,10,120,120,3840 x 2160,16:9,No,,No,4 (HDMI 2.1),No
Acer G257HU Smidpx,2015,25,7.2,,6.9,6.6,299.99,Acer,,,,,,,,0.8,1422.0,,No,Edge,351.0,364.0,363.0,,,,,,,42,42,50,49,75,75,4.782,4.66,IPS,,8,,60,2560 x 1440,16:9,Yes,,1 (DP 1.2),1 (HDMI 1.4),No
LG 27UD58-B,2016,27,7.5,,7.4,7.1,0,LG,,,,,,,VESA 100x100,2.3,989.0,,No,Direct,220.0,239.0,240.0,,,,,,,34,30,42,38,75,75,2.916,2.28,IPS,,10,,60,3840 x 2160,16:9,Yes,,1 (DP 1.2),2 (HDMI 2.0),No
LG 43UD79-B,2017,43,7.3,,7.4,7.0,0,LG,,,,,,,VESA 200x200,1.5,859.0,,No,Direct,261.5479431,287.1,282.8,,,,,,,38,42,48,51,75,75,3.459,1.88,IPS,,10,,60,3840 x 2160,16:9,No,,1 (DP 1.2),2 (HDMI 2.0)  2 (HDMI 1.4),1 (DisplayPort Alternate Mode)
HP V320,2017,32,7.0,,6.8,6.4,0,HP,,,,,,,VESA 100x100,1.5,1563.0,,No,Edge,295.0,312.0,312.0,,,,,,,24,24,34,33,75,75,2.282,4.45,IPS,,8,,60,1920 x 1080,16:9,Yes,,No,No,No
LG 29UM69G-B,2017,29  / 34,7.5,,7.0,6.7,0 null,LG,,,,,,,VESA 100x100,1.5,1023.0,,No,Edge,245.0,261.0,261.0,,,,,,,43,41,51,48,75,75,8.63,2.11,IPS,,8,,75,2560 x 1080,21:9,Yes,,1 (DP 1.2),1 (HDMI 1.4),1 (DisplayPort Alternate Mode)
MSI Optix G27C,2017,27,7.4,,6.4,6.3,0,MSI,,,,,,1800R,,1.0,3695.0,,No,Edge,278.0,289.0,289.0,,,,,,,22,24,30,33,15,18,3.875,5.26,VA,,8,,144,1920 x 1080,16:9,Yes,,1 (DP 1.2),1 (HDMI 1.4),No
Acer GN246HL Bbid,2014,24,7.0,,6.5,6.2,0,Acer,,,,,,,VESA 100x100,0.5,994.0,,No,Direct,405.0,412.0,411.0,,,,,,,34,21,53,42,25,13,2.92,3.13,TN,,8,,144,1920 x 1080,16:9,No,,No,1 (HDMI 1.4),No
HP Pavilion 22CWA,2015,22,7.0,,6.8,6.3,229.69,HP,,,,,,,,1.0,1423.0,,No,Direct,249.7,267.9,267.8,,,,,,,42,34,46,43,75,75,5.178,2.14,IPS,,8,,60,1920 x 1080,16:9,Yes,,No,1 (HDMI 1.4),No
Sceptre C325W,2016,32,6.2,,6.4,6.0,149,Sceptre,,,,,,1800R,VESA 100x100,1.3,3558.0,,No,Edge,258.0,290.0,290.0,,,,,,,19,18,28,27,75,75,3.343,4.1,VA,,8,,60,1920 x 1080,16:9,Yes,,1 (DP 1.2),1 (HDMI 1.4),No
Dell D3218HN,2018,32,7.1,,6.9,6.5,0,Dell,,,,,,,VESA 100x100,1.5,1416.0,,No,Edge,320.0,350.0,350.0,,,,,,,29,28,38,39,75,75,2.53,4.46,IPS,,8,,60,1920 x 1080,16:9,Yes,,No,1 (HDMI 1.4),No
Samsung JG50,2018,27  / 32,7.4,,6.8,6.6,0 null,Samsung,,,,,,1800R,VESA 75x75,0.8,3766.0,0.0,No,Edge,303.0,316.0,312.0,0.0,0.0,0.0,,33,33,47,48,36,36,12,13,3.511,2.36,VA,RGB,8,144,144,2560 x 1440,16:9,Yes,,1 (DP 1.2),1 (HDMI 2.0)  1 (HDMI 1.4),No
Samsung UE590,2015,24  / 28,7.2,,6.8,6.6,null 0,Samsung,,,,,,Not Curved,VESA 100x100,1.8,688.0,,No,Direct,278.0,293.0,292.0,,,,,32,38,29,26,46,50,25,29,3.438,6.97,TN,RGB,10,60,60,3840 x 2160,16:9,No,,1 (DP 1.2),1 (HDMI 2.0)  1 (HDMI 1.4),No
HP 27Q,2017,27,7.2,,7.3,6.8,618.25,HP,,,,,,,VESA 100x100,0.8,907.0,,No,Edge,370.0,341.0,341.0,,,,,,,33,33,43,43,75,36,3.36,2.09,IPS,,8,,60,2560 x 1440,16:9,Yes,,1 (DP 1.2),2 (HDMI 1.4),No
Samsung CF398,2018,27,7.4,,7.0,6.6,199.99,Samsung,,,,,,1800R,VESA 75x75,1.5,2909.0,,No,Edge,218.0,239.0,239.0,,,,,,,43,41,53,51,22,23,1.812,4.71,VA,,8,,60,1920 x 1080,16:9,Yes,,1 (DP 1.2),1 (HDMI 1.4),No
LG 24MP59G-P,2017,24,7.4,,7.1,6.6,0,LG,,,,,,,,1.3,1233.0,,No,Edge,265.0,299.0,298.0,,,,,,,39,38,48,47,75,75,3.978,5.5,IPS,,8,,75,1920 x 1080,16:9,Yes,,1 (DP 1.2),1 (HDMI 1.4),No
Dell S3219D,2018,32,7.4,,6.8,6.7,499,Dell,,,,,,,VESA 100x100,1.3,2904.0,,No,Edge,223.0,221.0,221.0,,,,,,,38,39,48,49,13,13,1.987,6.72,VA,,10,,75,2560 x 1440,16:9,Yes,,1 (DP 1.2),2 (HDMI 1.4),No
Acer Nitro VG271 Pbmiipx,2019,27,7.9,,7.3,7.3,659.99,Acer,,,,,,Not Curved,VESA 100x100,0.8,1392.0,,No,Edge,436.0,440.0,440.0,462.0,482.0,482.0,,46,48,57,59,47,49,70,70,3.33,3.42,IPS,RGB,10,144,144,1920 x 1080,16:9,Yes,,1 (DP 1.2),2 (HDMI 2.0),No
BenQ EL2870U,2018,28,7.3,,7.0,7.2,0,BenQ,,,,,,Not Curved,VESA 100x100,1.8,915.0,,No,Edge,273.0,290.0,289.0,246.0,272.0,272.0,,32,38,28,28,43,48,28,28,2.58,2.88,TN,RGB,10,60,60,3840 x 2160,16:9,Yes,,1 (DP 1.4),2 (HDMI 2.0),No
ASUS MX279HS,2019,25  / 27,6.8,,7.0,6.6,null 0,ASUS,,,,,,Not Curved,No Mount,0.5,1073.0,,No,Direct,186.0,206.0,206.0,,,,,47,44,52,52,48,46,70,70,2.776,2.88,IPS,RGB,8,60,60,1920 x 1080,16:9,Yes,,No,2 (HDMI 1.4),No
MSI Optix G27C5,2020,27,7.8,,6.8,6.6,0,MSI,,,,,,1500R,VESA 100x100,0.8,3676.0,,No,Edge,287.0,285.0,285.0,,,,,26,26,39,39,28,28,13,14,1.977,3.59,VA,RGB,8,165,165,1920 x 1080,16:9,Yes,,1 (DP 1.2),2 (HDMI 1.4),No
ASUS ZenScreen Touch MB16AMT,2019,15,6.5,,6.7,6.3,0,ASUS,,,,,,Not Curved,No Mount,0.8,956.0,,No,Edge,249.0,249.0,248.0,,,,,22,23,56,57,26,28,70,70,1.582,3.74,IPS,RGB,8,60,60,1920 x 1080,16:9,Yes,,No,1 (Micro-HDMI),1 (DisplayPort Alternate Mode  PD)
ASUS ZenScreen Go MB16AHP,2020,15,6.5,,6.7,6.3,224,ASUS,,,,,,Not Curved,No Mount,0.77,1355.0,,No,Edge,287.0,282.0,282.0,,,,,24,24,62,65,27,27,70,70,1.939,3.46,IPS,RGB,8,60,60,1920 x 1080,16:9,Yes,,No,1 (Micro-HDMI),1 (DisplayPort Alternate Mode  PD)
ViewSonic VG1655,2020,15,6.1,,6.4,5.9,219.99,ViewSonic,,,,,,Not Curved,No Mount,0.5,935.0,,No,Edge,188.0,158.0,158.0,,,,,24,24,49,49,28,28,70,70,4.04,1.07,IPS,RGB,8,60,60,1920 x 1080,16:9,No,,No,1 (Mini HDMI),2 (2x DP Alt Mode  PD)
Lenovo ThinkVision M14,2020,14,6.1,,7.0,6.5,275,Lenovo,,,,,,Not Curved,100mm Mounting Support,0.7,982.0,,No,Edge,242.0,254.0,254.0,,,,,24,26,51,57,27,29,70,70,2.401,3.88,IPS,RGB,8,60,60,1920 x 1080,16:9,Yes,,No,No,2 (2x DP Alt Mode 1.2  PD)
Lepow Z1,2020,15  / 15,5.7,,6.5,6.4,0 0,Lepow,,,,,,Not Curved,No Mount,1.22,1084.0,,No,Edge,206.0,212.0,212.0,224.0,238.0,238.0,,22,24,39,26,25,28,70,70,1.709,4.6,IPS,RGB,10,60,60,1920 x 1080,16:9,No,,No,1 (Mini HDMI),2 (1x DP Alt Mode  1x Charging Only)
ASUS ZenScreen MB14AC,2020,14,6.2,,6.5,6.0,196.98,ASUS,,,,,,Not Curved,Mounting Hole With 1/4  Screw Thread,0.8,983.0,,No,Edge,259.0,268.0,267.0,,,,,26,26,44,39,30,30,70,70,5.297,2.55,IPS,RGB,8,60,60,1920 x 1080,16:9,Yes,,No,No,1 (DisplayPort Alternate Mode)
MSI Optix G27C6,2021,27,7.6,,6.8,6.6,0,MSI,,,,,,1500R,VESA 100x100,0.8,4229.0,,No,Edge,321.0,302.0,302.0,,,,,26,27,49,56,27,29,12,12,2.041,3.04,VA,RGB,8,165,165,1920 x 1080,16:9,Yes,,1 (DP 1.2),2 (HDMI 1.4),No
MSI Optix G27CQ4,2021,27  / 32,7.9,,7.0,6.9,449.99 0,MSI,,,,,,1500R,VESA 100x100,0.8,3390.0,,No,Edge,335.0,297.0,297.0,,,,,24,26,43,47,28,30,19,21,2.86,1.77,VA,RGB,10,165,165,2560 x 1440,16:9,Yes,,1 (DP 1.2),2 (HDMI 2.0),No
ASUS TUF Gaming VG258QM,2021,25,8.5,,7.4,7.6,0,ASUS,,,,,,Not Curved,VESA 100x100,0.9,1107.0,,No,Edge,414.0,425.0,424.0,425.0,438.0,437.0,,32,34,33,36,45,45,28,32,1.815,3.84,TN,RGB,10,240,280,1920 x 1080,16:9,Yes,,1 (DP 1.2),2 (HDMI 2.0),No
HP X24ih,2020,24,8.2,,7.9,7.3,0,HP,,,,,,Not Curved,VESA 100x100,0.58,891.0,,No,Edge,330.0,354.0,354.0,,,,,49,49,59,62,50,51,70,70,2.105,2.56,IPS,RGB,8,144,144,1920 x 1080,16:9,Yes,,1 (DP 1.2),1 (HDMI 2.0),No
LG 32UL950-W,2018,32,7.4,,7.9,7.9,2056.32,LG,,,,,,Not Curved,VESA 100x100,1.0,1336.0,1336.0,Yes,Edge,379.0,404.0,403.0,423.0,682.0,442.0,,39,40,50,55,44,46,70,70,1.936,3.06,IPS,RGB,10,60,60,3840 x 2160,16:9,No,,1 (DP 1.4),1 (HDMI 2.0),2 (Thunderbolt 3) (1x in with PD  1x out)
LG 27UK650-W,2018,27,7.9,,8.1,8.1,349.99,LG,,,,,,Not Curved,VESA 100x100,0.8,1196.0,,No,Direct,352.3,350.5,349.7,385.1,377.2,361.2,,43,42,58,60,48,48,70,70,2.002,2.17,IPS,RGB,10,60,60,3840 x 2160,16:9,Yes,,1 (DP 1.2),2 (HDMI 2.0),No
Philips Momentum 436M6VBPAB,2018,43,7.4,,7.1,7.5,0,Philips,,,,,,Not Curved,VESA 200x200,1.8,6888.0,6689.0,Yes,Edge,659.0,734.0,732.0,773.0,843.0,842.0,,34,37,60,63,36,35,14,12,1.237,5.17,VA,BGR,10,60,60,3840 x 2160,16:9,No,,1 (DP 1.4),2 (HDMI 2.0),1 (USB  USB PD  DP Alt Mode)
Samsung T55,2020,24  / 27  / 32,7.1,,6.7,6.5,0 0 0,Samsung,,,,,,1000R,No Mount,1.07,3174.0,,No,Edge,301.0,317.0,317.0,,,,,28,30,60,62,29,31,14,15,2.274,6.05,VA,RGB,8,75,75,1920 x 1080,16:9,Yes,,1 (DP 1.2),1 (HDMI 1.4),No
Dell S2721D,2020,27,7.5,,7.7,7.2,267.5,Dell,,,,,,Not Curved,VESA 100x100,0.6,1015.0,,No,Edge,316.0,334.0,334.0,,,,,46,42,54,63,52,51,70,30,1.489,4.59,IPS,RGB,8,75,75,2560 x 1440,16:9,Yes,,1 (DP 1.2),2 (HDMI 1.4),No
BenQ EX2780Q,2019,27,8.0,,7.5,7.5,0,BenQ,,,,,,Not Curved,VESA 100x100,0.6,1142.0,,No,Edge,337.0,358.0,358.0,455.0,479.0,479.0,,46,51,54,61,46,51,70,70,1.944,3.51,IPS,RGB,10,144,144,2560 x 1440,16:9,Yes,,1 (DP 1.4),2 (HDMI 2.0),1
Dell E2220H,2020,22,6.5,,6.5,6.2,0,Dell,,,,,,Not Curved,VESA 100x100,1.8,1004.0,,No,Edge,234.0,253.0,253.0,,,,,30,30,34,33,45,45,22,24,3.093,3.21,TN,RGB,8,60,60,1920 x 1080,16:9,Yes,,1 (DP 1.2),No,No
BenQ EW3270U,2018,32,7.6,,7.5,7.7,0,BenQ,,,,,,Not Curved,VESA 100x100,1.3,2740.0,,No,Edge,262.0,270.0,270.0,249.0,265.0,265.0,,48,52,65,70,46,51,24,21,1.518,3.49,VA,RGB,10,60,60,3840 x 2160,16:9,Yes,,1 (DP 1.4),2 (HDMI 2.0),1
Acer Nitro RG241Y Pbiipx,2020,23.8,8.0,,7.1,7.1,0,Acer,,,,,,Not Curved,VESA 75x75,0.65,1251.0,,No,Edge,276.0,292.0,292.0,285.0,302.0,302.0,,27,28,52,56,31,32,70,70,3.604,3.56,IPS,RGB,10,165,165,1920 x 1080,16:9,Yes,,1 (DP 1.4),2 (HDMI 2.0),No
Nixeus EDG 34,2019,34,7.7,,6.8,7.2,0,Nixeus,,,,,,1500R,VESA 75x75,0.99,3610.0,,No,Edge,363.0,356.0,356.0,360.0,329.0,329.0,,23,28,35,41,25,31,15,20,3.154,6.56,VA,RGB,10,144,144,3440 x 1440,21:9,Yes,,2 (DP 1.4),2 (HDMI 2.0),No
AOC CQ32G1,2018,32,7.6,,7.2,6.8,0,AOC,,,,,,1800R,VESA 100x100,0.9,3039.0,,No,Edge,385.0,371.0,370.0,,,,,34,39,70,70,36,38,46,70,3.104,1.81,VA,RGB,8,144,144,2560 x 1440,16:9,Yes,,1 (DP 1.2),1 (HDMI 2.0)  1 (HDMI 1.4),No
ViewSonic VX2758-2KP-MHD,2019,27,8.0,,7.5,7.1,0,ViewSonic,,,,,,Not Curved,VESA 100x100,0.8,1071.0,,No,Edge,359.0,359.0,358.0,,,,,49,49,64,64,49,49,70,70,1.335,2.99,IPS,RGB,8,144,144,2560 x 1440,16:9,Yes,,1 (DP 1.2),1 (HDMI 2.0)  1 (HDMI 1.4),No
Dell S2721HGF,2020,27,8.1,,7.3,7.0,329.99,Dell,,,,,,1500R,VESA 100x100,0.7,3432.0,,No,Edge,288.0,322.0,322.0,,,,,46,45,68,69,46,45,23,21,2.427,2.73,VA,RGB,8,144,144,1920 x 1080,16:9,Yes,,1 (DP 1.4),2 (HDMI 1.4),No
Samsung C49HG90/CHG90,2017,49,8.1,,7.1,7.5,0,Samsung,,,,,,1800R,VESA 100x100,1.3,3756.0,3756.0,Yes,Edge,331.0,333.0,293.0,335.0,338.0,290.0,,,,27,24,35,32,15,14,1.609,3.05,VA,,10,,144,3840 x 1080,32:9,No,,1 (DP 1.4),2 (HDMI 2.0),No
ViewSonic Elite XG270,2020,27,8.5,,7.7,7.6,0,ViewSonic,,,,,,Not Curved,VESA 100x100,0.5,1058.0,,No,Edge,376.0,382.0,382.0,412.0,415.0,414.0,,46,46,52,52,48,48,70,70,3.895,3.05,IPS,RGB,8,240,240,1920 x 1080,16:9,Yes,,1 (DP 1.2),2 (HDMI 2.0),No
Lenovo Legion Y27q-20,2019,27,8.4,,8.0,8.0,329,Lenovo,,,,,,Not Curved,VESA 100x100,0.8,851.0,,No,Edge,323.0,324.0,323.0,325.0,339.0,339.0,,45,46,51,53,48,50,70,70,2.436,0.71,IPS,RGB,10,165,165,2560 x 1440,16:9,Yes,,1 (DP 1.4),1 (HDMI 2.0),No
Dell U2718Q,2017,27,7.5,,8.1,8.0,783.52,Dell,,,,,,Not Curved,VESA 100x100,0.8,1317.0,,No,Direct,304.5,334.9,334.6,329.0,383.0,239.0,,40,42,50,54,44,47,70,70,1.911,3.53,IPS,RGB,10,60,60,3840 x 2160,16:9,No,,1 (DP 1.2),1 (HDMI 2.0),No
LG 38GL950G-B,2019,38,8.4,,7.9,8.0,1299.99,LG,,,,,,2300R,VESA 100x100,1.1,917.0,,No,Edge,445.0,466.0,466.0,482.0,512.0,511.0,,42,43,50,53,46,48,70,32,1.798,2.41,IPS,RGB,10,144,175,3840 x 1600,21:9,Yes,,1 (DP 1.4),1 (HDMI 2.0),No
ASUS VG248QE,2013,24,7.9,,7.1,6.8,0,ASUS,,,,,,Not Curved,VESA 100x100,1.8,686.0,,No,Direct,362.0,362.0,360.0,,,,,27,32,33,32,42,45,27,33,2.361,1.49,TN,RGB,8,144,144,1920 x 1080,16:9,No,,1 (DP 1.2),1 (HDMI 1.4),No
MSI Optix MAG273R,2020,27,8.0,,7.5,7.6,399.99,MSI,,,,,,Not Curved,VESA 100x100,0.9,1354.0,,No,Edge,327.0,314.0,314.0,362.0,345.0,345.0,,29,29,50,52,31,33,70,70,1.71,4.56,IPS,RGB,10,144,144,1920 x 1080,16:9,Yes,,1 (DP 1.2),2 (HDMI 2.0),No
Gigabyte AORUS AD27QD,2019,27,8.2,,7.9,7.8,0,Gigabyte,,,,,,Not Curved,VESA 100x100,0.8,1063.0,,No,Edge,369.0,397.0,397.0,432.0,420.0,419.0,,48,49,60,60,47,49,70,70,4.231,2.2,IPS,RGB,10,144,144,2560 x 1440,16:9,Yes,,1 (DP 1.2),2 (HDMI 2.0),No
Dell S2419HGF,2019,24,7.8,,7.2,6.9,0,Dell,,,,,,Not Curved,VESA 100x100,2.0,928.0,,No,Direct,248.0,304.0,304.0,,,,,29,29,30,26,42,43,26,24,3.874,3.76,TN,RGB,8,120,144,1920 x 1080,16:9,Yes,,1 (DP 1.4),2 (HDMI 2.0),No
Acer Predator X27 bmiphzx,2018,27,8.1,,8.2,8.2,0,Acer,,,,,,Not Curved,VESA 100x100,1.5,815.0,1339.0,Yes,Full-Array,251.0,324.0,324.0,1312.0,728.0,716.0,,40,40,67,64,50,47,30,70,3.046,5.16,IPS,RGB,10,120,144,3840 x 2160,16:9,Yes,,1 (DP 1.4),1 (HDMI 2.0),No
HP OMEN X 27,2019,27,8.3,,7.3,7.4,0,HP,,,,,,Not Curved,VESA 100x100,0.8,798.0,831.0,Yes,Edge,298.0,306.0,306.0,312.0,329.0,329.0,,34,34,28,34,48,48,27,23,3.165,3.84,TN,RGB,8,240,240,2560 x 1440,16:9,No,,1 (DP 1.4),1 (HDMI 2.0),No
Dell U3219Q,2018,32,7.3,,7.9,8.0,0,Dell,,,,,,Not Curved,VESA 100x100,0.8,1413.0,,Yes,Edge,382.0,386.0,386.0,427.0,465.0,464.0,,40,44,50,56,44,48,70,70,2.648,2.79,IPS,RGB,10,60,60,3840 x 2160,16:9,No,,1 (DP 1.4),1 (HDMI 2.0),1 (USB  USB PD  DP Alt Mode)
Samsung CHG70,2017,27  / 32,8.2,,7.5,7.8,0 null,Samsung,,,,,,1800R,VESA 100x100,1.5,2925.0,2922.0,Yes,Edge,352.0,381.0,309.0,355.0,371.0,362.0,,34,35,60,60,36,38,15,17,2.8,2.59,VA,RGB,10,144,144,2560 x 1440,16:9,Yes,,1 (DP 1.4),2 (HDMI 2.0),No
LG 34WK95U-W,2018,34,7.6,,7.8,7.7,1305.2,LG,,,,,,,VESA 100x100,1.3,1184.0,1193.0,Yes,Edge,384.0,395.0,394.0,408.0,574.0,370.0,,,,32,32,42,42,75,75,1.903,2.47,IPS,,10,,60,5120 x 2160,21:9,No,,1 (DP 1.4),2 (HDMI 2.0),1 (USB  Thunderbolt 3)
ASUS VG245H,2016,24,7.8,,7.2,6.9,0,ASUS,,,,,,Not Curved,VESA 100x100,1.8,1277.0,,No,Direct,285.0,302.0,301.0,,,,,29,30,37,30,46,46,23,22,3.441,1.08,TN,RGB,8,60,75,1920 x 1080,16:9,Yes,,No,2 (HDMI 1.4),No
ASUS ROG Swift PG279QZ,2018,27,8.5,,8.0,7.5,0,ASUS,,,,,,Not Curved,VESA 100x100,1.5,1195.0,,No,Edge,279.0,319.0,319.0,,,,,45,48,54,60,46,50,70,70,2.671,2.03,IPS,RGB,8,144,165,2560 x 1440,16:9,Yes,,1 (DP 1.2),1 (HDMI 1.4),No
Dell S2417DG,2016,24,8.5,,7.4,7.2,0,Dell,,,,,,Not Curved,VESA 100x100,0.8,620.0,,No,Direct,391.8,466.3,465.2,,,,,34,31,37,41,45,44,38,30,2.792,4.56,TN,RGB,8,144,165,2560 x 1440,16:9,Yes,,1 (DP 1.2),1 (HDMI 1.4),No
BenQ ZOWIE XL2540,2017,25,8.3,,7.4,7.1,0,BenQ,,,,,,Not Curved,VESA 100x100,1.5,1037.0,,No,Edge,444.0,460.0,459.0,,,,,34,33,35,35,51,50,24,23,2.154,5.91,TN,RGB,8,240,240,1920 x 1080,16:9,Yes,,1 (DP 1.2),1 (HDMI 2.0)  1 (HDMI 1.4),No
Dell U3818DW,2018,38,6.8,,7.8,7.3,1379,Dell,,,,,,2300R,VESA 100x100,1.0,1133.0,,No,Edge,278.0,302.0,302.0,,,,,47,47,53,55,51,51,70,40,2.137,1.67,IPS,RGB,10,60,60,3840 x 1600,21:9,Yes,,1 (DP 1.2),2 (HDMI 2.0),1 (USB  USB PD  DP Alt Mode)
LG 34GK950F-B,2018,34,8.2,,7.8,7.8,0,LG,,,,,,1800R,VESA 100x100,1.0,810.0,,No,Edge,350.0,333.0,333.0,412.0,413.0,402.0,,49,48,59,56,50,50,70,70,3.155,2.79,IPS,RGB,10,144,144,3440 x 1440,21:9,Yes,,1 (DP 1.4),2 (HDMI 2.0),No
Dell U2518D,2017,25,7.3,,7.9,7.9,0,Dell,,,,,,Not Curved,VESA 100x100,0.8,1187.0,,No,Direct,405.7573242,426.0,425.0,497.6612244,584.0,340.0,,44,47,50,55,46,49,70,70,2.053,1.28,IPS,RGB,10,60,60,2560 x 1440,16:9,No,,1 (DP 1.2),1 (HDMI 2.0),No
ViewSonic XG2402,2017,24,8.1,,7.3,7.0,0,ViewSonic,,,,,,Not Curved,VESA 100x100,1.8,947.0,,No,Direct,319.0,355.0,354.0,,,,,32,32,28,26,46,46,28,27,2.441,2.56,TN,RGB,8,144,144,1920 x 1080,16:9,Yes,,1 (DP 1.2),2 (HDMI 1.4),No
ASUS  TUF VG27VQ,2019,27,7.9,,7.0,6.8,0,ASUS,,,,,,1500R,VESA 100x100,0.55,3925.0,,No,Edge,301.0,346.0,346.0,,,,,25,25,25,29,27,28,15,16,3.176,1.93,VA,RGB,8,165,165,1920 x 1080,16:9,Yes,,1 (DP 1.2),1 (HDMI 2.0),No
Dell Alienware AW3420DW,2019,34,8.0,,7.7,7.3,720,Dell,,,,,,1900R,VESA 100x100,0.8,720.0,,No,Edge,226.0,247.0,247.0,,,,,42,40,53,54,47,46,27,18,2.079,3.49,IPS,RGB,8,120,120,3440 x 1440,21:9,Yes,,1 (DP 1.2),1 (HDMI 1.4),No
LG 32GK650F-B,2018,32,8.1,,7.3,7.1,0,LG,,,,,,Not Curved,VESA 100x100,1.0,3050.0,,No,Edge,312.0,324.0,296.0,,,,,25,27,63,68,27,28,18,19,1.381,2.98,VA,RGB,8,144,144,2560 x 1440,16:9,Yes,,1 (DP 1.2),2 (HDMI 2.0),No
Acer Nitro XV273 Xbmiiprzx,2019,27,8.6,,7.9,7.9,0,Acer,,,,,,Not Curved,VESA 100x100,0.8,1155.0,,No,Edge,383.0,433.0,433.0,443.0,494.0,494.0,,46,47,57,59,46,48,70,70,1.362,0.77,IPS,RGB,10,240,240,1920 x 1080,16:9,Yes,,1 (DP 1.2),2 (HDMI 2.0),No
Dell S2719DGF,2018,27,8.1,,7.2,7.0,699.99,Dell,,,,,,Not Curved,VESA 100x100,0.8,890.0,,No,Edge,386.0,379.0,378.0,,,,,32,32,41,41,46,48,26,23,7.4,2.07,TN,RGB,8,144,155,2560 x 1440,16:9,Yes,,1 (DP 1.2),1 (HDMI 2.0)  1 (HDMI 1.4),No
Acer Predator XB271HU Bmiprz,2015,27,8.2,,7.9,7.5,0,Acer,,,,,,Not Curved,VESA 100x100,0.8,1055.0,,No,Edge,286.0,313.0,313.0,,,,,42,46,48,54,45,48,70,70,3.005,5.27,IPS,RGB,8,144,165,2560 x 1440,16:9,Yes,,1 (DP 1.2),1 (HDMI 1.4),No
ASUS ROG Swift PG279Q,2015,27,8.6,,8.1,7.6,742.46,ASUS,,,,,,Not Curved,VESA 100x100,1.0,1334.0,,No,Direct,385.0,390.0,390.0,,,,,45,47,52,56,46,48,70,70,2.103,0.78,IPS,RGB,8,144,165,2560 x 1440,16:9,Yes,,1 (DP 1.2),1 (HDMI 1.4),No
LG 32UD99-W,2017,32,7.7,,8.0,8.1,0,LG,,,,,,Not Curved,VESA 100x100,0.8,1613.0,,No,Edge,352.4,363.0,363.0,311.7,528.0,330.0,,43,42,53,55,46,46,70,70,1.696,3.01,IPS,RGB,10,60,60,3840 x 2160,16:9,Yes,,1 (DP 1.2),2 (HDMI 2.0),1 (USB  USB PD  DP Alt Mode)
LG 32GK850G-B,2018,32,8.3,,7.4,7.2,0,LG,,,,,,Not Curved,VESA 100x100,1.0,2622.0,,No,Edge,345.0,357.0,357.0,,,,,26,26,61,52,28,28,18,18,1.527,4.59,VA,RGB,8,144,165,2560 x 1440,16:9,Yes,,1 (DP 1.2),1 (HDMI 1.4),No
Acer Nitro XF252Q Xbmiiprzx,2019,25,8.2,,7.1,7.3,0,Acer,,,,,,Not Curved,VESA 100x100,1.3,858.0,,No,Edge,358.0,364.0,363.0,398.0,426.0,425.0,,31,32,32,31,46,48,22,21,4.802,2.65,TN,RGB,8,240,240,1920 x 1080,16:9,Yes,,1 (DP 1.2),2 (HDMI 2.0),No
Samsung Space SR75,2019,27,8.2,,7.0,7.1,0,Samsung,,,,,,,,0.8,2862.0,,No,Edge,273.0,308.0,308.0,,,,,,,24,26,34,36,7,8,3.058,2.22,VA,,10,,144,2560 x 1440,16:9,No,,No,1 (HDMI 2.0),No
Samsung C34J791/CJ791,2018,34,8.0,,7.1,7.1,0,Samsung,,,,,,1500R,VESA 100x100  VESA 200x200,1.0,2904.0,,No,Edge,251.0,248.0,248.0,,,,,,,31,30,44,40,13,13,2.766,3.52,VA,,8,,100,3440 x 1440,21:9,No,,1 (DP 1.2),1 (HDMI 2.0),2 (Thunderbolt 3  USB  PD)
HP OMEN X 25f,2019,25,8.2,,7.1,7.0,0,HP,,,,,,,VESA 100x100,0.8,1126.0,,No,Edge,369.0,406.0,406.0,,,,,,,25,34,45,52,22,29,1.721,3.8,TN,,8,,240,1920 x 1080,16:9,Yes,,1 (DP 1.2),2 (HDMI 2.0),No
Dell U2719D,2018,27,7.8,,7.6,7.3,699,Dell,,,,,,,VESA 100x100,0.8,1142.0,,No,Edge,335.0,394.0,394.0,,,,,,,36,39,45,47,75,75,4.823,0.87,IPS,,8,,60,2560 x 1440,16:9,Yes,,1 (DP 1.4),1 (HDMI 1.4),No
LG UltraFine 4k,2019,23.7,7.4,,7.8,7.3,0,LG,,,,,,,VESA 100x100,1.8,1445.0,,No,Edge,554.0,562.0,561.0,,,,,,,37,40,45,48,75,75,1.805,2.02,IPS,,10,,60,3840 x 2160,16:9,No,,No,No,5 (2x Thunderbolt 3 with PD  3x USB-C)
MSI Optix MPG27CQ,2018,27,8.5,,7.2,7.2,0,MSI,,,,,,1800R,VESA 100x100,1.0,3225.0,,No,Edge,319.0,332.0,332.0,,,,,,,29,29,38,38,11,11,2.508,4.87,VA,,8,,144,2560 x 1440,16:9,Yes,,1 (DP 1.2),2 (HDMI 2.0),No
Dell U3417W,2017,34,7.6,,7.9,7.3,0,Dell,,,,,,1900R,VESA 100x100,1.0,908.0,200.0,No,Edge,349.0,357.0,354.0,,,,,,,44,40,51,50,75,75,3.047,2.18,IPS,,8,,60,3440 x 1440,21:9,Yes,,1 (DP 1.2),2 (HDMI 2.0),No
Dell U4919DW,2018,49,7.7,,7.9,7.4,1279,Dell,,,,,,3800R,VESA 100x100,1.0,1184.0,,No,Edge,338.0,354.0,353.0,,,,,,,37,39,46,47,75,75,2.158,2.66,IPS,,10,,60,5120x1440,32:9,Yes,,1 (DP 1.4),2 (HDMI 2.0),1 (USB  USB PD  DP Alt Mode)
LG 27UD68-B,2016,27  Black / 27  White,8.0,,7.9,7.6,0 0,LG,,,,,,,VESA 100x100,1.0,1165.0,,No,Edge,313.0,329.0,327.0,,,,,,,35,39,41,35,75,75,2.778,1.68,IPS,,10,,60,3840 x 2160,16:9,Yes,,1 (DP 1.2),2 (HDMI 2.0),No
LG 32UD59-B,2017,32,7.8,,7.5,7.3,0,LG,,,,,,,VESA 100x100,1.3,2644.0,,No,Direct,253.6,254.2,252.5,,,,,,,44,46,48,50,17,16,1.457,2.22,VA,,10,,60,3840 x 2160,16:9,Yes,,1 (DP 1.2),2 (HDMI 2.0),No
LG 34UC79G-B,2016,34,8.1,,7.6,7.3,0,LG,,,,,,3800R,VESA 100x100,1.5,1390.0,,No,Direct,222.0,249.0,199.0,,,,,,,42,46,50,52,75,75,2.782,3.01,IPS,,8,,144,2560 x 1080,21:9,Yes,,1 (DP 1.2),2 (HDMI 2.0),No
Samsung C34F791/CF791,2016,34,7.5,,6.9,6.9,1830.98,Samsung,,,,,,1500R,VESA 100x100,0.8,2527.0,,No,Direct,264.0113831,244.0,243.6,,,,,,,33,32,45,45,12,11,2.554,3.46,VA,,8,,100,3440 x 1440,21:9,Yes,,1 (DP 1.2),2 (HDMI 2.0),No
AOC AGON AG271QX,2016,27,8.4,,7.4,7.4,0,AOC,,,,,,,VESA 100x100,1.5,1042.0,,No,Edge,347.0,350.0,350.0,,,,,,,29,28,46,43,53,28,1.938,3.81,TN,,10,,144,2560 x 1440,16:9,Yes,,1 (DP 1.2),1 (HDMI 2.0)  1 (HDMI 1.4),No
Acer XF251Q Bmiirx,2017,24.5,8.0,,7.0,6.9,0,Acer,,,,,,,VESA 100x100,0.8,1161.0,,No,Edge,273.0,300.0,300.0,,,,,,,30,28,47,45,31,27,1.69,5.07,TN,,8,,75,1920 x 1080,16:9,Yes,,No,2 (HDMI 1.4),No
HP OMEN 27,2017,27,8.3,,7.2,7.2,0,HP,,,,,,,VESA 100x100,0.8,755.0,,No,Edge,399.0,417.0,416.0,,,,,,,30,29,46,47,28,24,4.254,1.57,TN,,8,,144,2560 x 1440,16:9,Yes,,1 (DP 1.2),1 (HDMI 1.4),No
ASUS ROG Swift PG348Q,2015,34,8.1,,7.9,7.4,0,ASUS,,,,,,3800R,VESA 100x100,1.3,1195.0,,No,Edge,294.0,326.0,326.0,,,,,,,47,47,53,53,75,75,4.041,5.09,IPS,,8,,60,3440 x 1440,21:9,Yes,,1 (DP 1.2),1 (HDMI 1.4),No
Acer Predator Z35P Bmiphz,2017,35,8.2,,7.5,7.4,0,Acer,,,,,,1800R,VESA 100x100,1.8,2391.0,,No,Edge,286.0,298.0,298.0,,,,,,,45,45,58,58,14,14,2.754,3.76,VA,,8,,100,3440 x 1440,21:9,Yes,,1 (DP 1.2),1 (HDMI 1.4),No
Dell U2415,2014,24,7.7,,7.7,7.2,615,Dell,,,,,,,VESA 100x100,0.5,1064.0,,No,Direct,257.0,274.0,274.0,,,,,,,42,34,48,42,75,75,3.009,2.73,IPS,,8,,60,1920 x 1200,16:10,Yes,,1 (DP 1.2),2 (HDMI 1.4),No
ASUS PB277Q,2016,27,8.1,,7.2,7.2,0,ASUS,,,,,,,VESA 100x100,1.3,779.0,,No,Direct,344.0,357.0,356.0,,,,,,,31,32,49,48,24,19,4.079,1.29,TN,,8,,75,2560 x 1440,16:9,Yes,,1 (DP 1.2),1 (HDMI 1.4),No
Dell P2417H,2016,24,7.7,,7.5,7.1,209,Dell,,,,,,,VESA 100x100,1.0,1102.0,,No,Direct,220.0,229.0,227.0,,,,,,,43,38,50,46,75,75,2.427,1.64,IPS,,8,,60,1920 x 1080,16:9,Yes,,1 (DP 1.2),1 (HDMI 1.4),No
Dell U2717D,2016,27,7.3,,7.5,7.1,0,Dell,,,,,,,VESA 100x100,0.8,986.0,,No,Direct,298.0,308.0,304.0,,,,,,,34,37,44,47,75,75,3.611,3.75,IPS,,8,,60,2560 x 1440,16:9,Yes,,1 (DP 1.2),1 (HDMI 1.4),No
Dell P2217H,2016,22,7.6,,7.5,7.0,219,Dell,,,,,,,VESA 100x100,1.0,1147.0,,No,Edge,205.0,218.0,218.0,,,,,,,44,32,50,43,75,75,3.9,3.05,IPS,,8,,60,1920 x 1080,16:9,Yes,,1 (DP 1.2),1 (HDMI 1.4),No
